index,used,title,author,publish_time,href,context,search
1,0,15년 전 만든 어드민페이지 스토리보드를 보며 - 대학생 때의 패기,조샘물,Jun 16. 2023,https://brunch.co.kr/@@lfR/24,"스킵 12페이지로 점프 24페이지로 마무리 당시 이 투박하고 무질서한 29페이지의 ppt 문서를 인쇄하고, 해당 기업의개발자분과 이 문서로 미팅하며 이 정도는 충분히 구현 가능하다는 답변을 받았던게 기억난다. 하지만 결국 이 기업으로의 서비스 양도는...",개발자
2,0,토요일 새벽 6시 퇴근 회고 - 팀원이 언제 퇴근했는지? 모르는 팀장,악어,Jun 16. 2023,https://brunch.co.kr/@@1WCq/260,"해당 수정 요청을 마무리 지었구요! 퇴근 하기 전, 그분께서 저의 프로젝트 '폴더 정리 방식'과 업무 중 뛰워져 있는 여러소프트웨어들의 '윈도우 창 배치 방식'에 대해 지적하고 지랄맞은 조언을 해주셨지만요! 그 날, 팀장의 메시지가 여러번 도착...",소프트웨어
3,0,장수하는 IP는 무엇이 다를까 - 우리 IP의 흥망성쇠 : 3편 장수하는 IP 특성 살펴보기,스토리플레이어,Jun 16. 2023,https://brunch.co.kr/@@9D16/27,2020년을 끝으로 어도비 플래시가 서비스를 종료하며 더이상 웹브라우저에서 즐길 수 없게 되었습니다. 이처럼 특정소프트웨어로만 구현이 가능하거나 제한적인 디바이스에서만 즐길 수 있는 콘텐츠는 해당소프트웨어나 디바이스에 의해 수명이 결정되어...,소프트웨어
4,0,9. 비즈니스 모델 실습 - 당신의 아이디어가 비즈니스가 되는 순간,강코치,Jun 16. 2023,https://brunch.co.kr/@@ABO/301,"간에서 무엇을 제공하며 무엇을 받는지를 표현한 것입니다. 거래라는 쌍방향의 관계라 할 수 있습니다. 판매모델은 자사가소프트웨어를 개발하여 판매 채널을 통해 판매하되, 사용자에게 소유권 및 사용권이 부여되는 모델입니다. PC에 설치되는...",소프트웨어
5,0,[에세이] 내 일하며 잘 살기 (1) - 직장과 헤어질 결심,박시형,2시간전,https://brunch.co.kr/@@a1cc/158,"아마 명문대를 졸업한 대기업 출신 퇴사자라고 하더라도 그 자체만으로는 눈길을 끌지 못할 것이다. MIT를 졸업한 애플개발자가 퇴사했다면 이야기가 좀 달라지겠지만. 대신 사람들의 관심사는 '퇴사'에서 한 걸음 더 나아가, 퇴사 이후의 삶에 대해 궁금...",개발자
6,1,"데이터를 읽는 능력이, 내 세상의 한계다 - 데이터 리터러시와 AI 리터러시",이노핏파트너스 innoFIT Partners,3시간전,https://brunch.co.kr/@@9xP4/250,필요 인력의 차이를 나타내는 인력 부족률은 12.2%로 나타났습니다. 분야별로는 △데이터 과학자 △데이터 분석가 △데이터개발자등이 필요 직무로 손꼽혔습니다. 이같은 상황에도 데이터 기본법에 대한 기대가 커지고 있습니다. 데이터 기본법은 데이터...,개발자
7,0,오토레이아웃의 시작 (feat. Apple),스무,3시간전,https://brunch.co.kr/@@axQG/11,가지고 출시가 되었어요. 아이폰 시리즈 최초로 기기간 사이즈가 달라지게 된 것이죠. 이렇게 스크린의 크기가 커지면서개발자들은 기존의 화면에서 동작하던 앱들이 4인치 화면에서도 동일하게 동작할 수 있는 솔루션이 필요했는데 그것이 바로 애플의...,개발자
8,0,[IT 뉴스레터] 애플 '비전 프로' 출시 - 6월 3주 차 - 애플 혼합현실 헤드셋 '비전 프로' 출시,하이퍼클라우드,7시간전,https://brunch.co.kr/@@eJme/63,"찾아뵐게요! 하이퍼클라우드 뉴스레터는 1,3주 금요일 발행됩니다. 지난 IT 뉴스 트렌드 살펴보기 >> ► [6월 1주 차] 토스개발자컨퍼런스 ‘SLASH 2023’ 개최 ► [5월 3주차] 드디어 나왔어요. 카카오톡, 조용히 나가기 기능 추가 다른 흥미로운 콘텐츠...",개발자
9,0,[외신] 대기업을 보면 스타트업의 미래를 알 수 있다.,Mobiinside,7시간전,https://brunch.co.kr/@@zIH/5313,"가는 선을 그릴 수 있다: 큰 흐름에 자신을 맞출 수 있는가? 우리가 간과하고 있는 것은 없는가? 이번 주 애플의 글로벌개발자회의 WWDC에서 애플은 AR/VR 헤드셋을 공개했다. 가격은 3,500달러로 상업적 성공을 거두지는 못하겠지만, 스타트업 기업...",개발자
10,0,[도서 리뷰]개발자원칙 - 이 좋은 걸개발자만 읽고 있었네,감자빵,8시간전,https://brunch.co.kr/@@5sgh/20,"개발자원칙 (2022.012. | 골든래빗 | 박성철 외 8명 공저 | 22,000원) 철저히 제목에 속아버렸다. 현업에 당장 쓸 만한 ‘클린 코드’나개발자로서 스펙을 증진시키는 꿀팁을 다루는 줄 알았던 이 책은개발자를 위한 기술서가 아니라개발자라는 직업을...",개발자
11,0,온보딩 경험을 개인화하는 4가지 방법,루피,8시간전,https://brunch.co.kr/@@feyX/63,"매출 증가 : 애플리케이션은 개인화된 추천 및 제안을 생성하여 사용자가 구매하도록 장려할 수 있으며, 이는 애플리케이션개발자또는 회사의 매출을 증가시킵니다. 설득력 있는 사용자 통찰력 : 개인화를 위해서는 사용자 선호도와 행동에 대한 정보를...",개발자
12,0,"""무려 773만 원 인상?"" 신형 싼타페 예상 가격은?",Torque,3시간전,https://brunch.co.kr/@@eLI2/392,"확인됐다. (사진=하이테크로 SNS) 여기에 디지털 키 2와 빌트인 캠 2, 에르고 모션 시트, 실내 지문 인증 시스템, 무선소프트웨어업데이트(OTA) 등의 신규 적용을 예상해 볼 수 있다. 일부 기능들은 그랜저 뿐 아니라 쏘나타에도 적용했던 만큼, 싼타페...",소프트웨어
13,0,"""진짜 역대급 고민"" 신형 싼타페 vs 신형 쏘렌토",Torque,4시간전,https://brunch.co.kr/@@eLI2/388,"두 차량의 안전 및 편의사양은? ㅡ 싼타페는 디지털 키 2와 빌트인 캠 2, 에르고 모션 시트, 실내 지문 인증 시스템, 무선소프트웨어업데이트(OTA) 등의 신규 적용을 예상해볼 수 있다. 일부 기능들은 그랜저 뿐 아니라 쏘나타에도 적용했던 만큼...",소프트웨어
14,0,"전기차로 부활한 폭스바겐 미니밴, 성능은 이 정도?",오토브런치,4시간전,https://brunch.co.kr/@@cwOA/3266,"유럽에만 우선 출시 ID.버즈 LWB에는 스티어링 휠로 제어하는 헤드업 디스플레이 성격의 5.3인치 디지털 클러스터와 최신소프트웨어로 구동되는 차세대 인포테인먼트 시스템, 직관적인 12.9인치 센터 디스플레이가 탑재된다. 차별화된 기술을 통해 음성...",소프트웨어
15,0,은퇴 후 1년 8개월,마리리,Jun 15. 2023,https://brunch.co.kr/@@1kMD/151,해도 매니저에게 연락이 왔다. 무서운 빅브라더 놈들. 나는 고등학교 때처럼 쉬는 시간에 나와서 라면을 먹었다. 매일코딩테스트가 있었다. 처음에는 무슨 소리인지도 이해할 수 없어서 헤맸지만 시간이 지나면서 나는 프로그래밍이란 것에 완전히...,코딩테스트
16,0,위기를 기회로: 불안한 시기를 극복하는 앱 성장전략 - Moloco&Appsflyer 세미나,말하는 감자 농부,Jun 15. 2023,https://brunch.co.kr/@@dIEW/67,"웹툰 등의 버티컬에서 사용 중인 예시가 있음 일반소재 대비 ROAS 높음 사용한 적이 있는데 어쨌든 피드 구성을 해야해서개발자의 도움이 필요. CTV(Connected Tv) 스마트 TV, 셋톱박스, TV 스틱, 게임 콘솔등에 포함되는 인터넷에 연결된 TV 캠페인 목적...",개발자
17,0,김밥전이 먹고 싶어 김밥을 말았다. - 메뉴개발자의 하루 한 끼,푸드 큐레이터 서윤,Jun 15. 2023,https://brunch.co.kr/@@8POu/70,"김밥전이 먹고 싶어 김밥을 말았다. 있는 재료로 만들다 보니 단무지 빠진 김밥이 되었다. 고추냉이, 마요네즈에 케첩 조금 넣어 김밥전 소스를 준비했다. 토마토와 천도복숭아를 함께 볶으려다 말고 플래시 하게 먹고 싶어 져서 김밥전 위에 올려먹을...",개발자
18,0,"상상은 현실이 된다. 그것이 유토피아든, 디스토피아든. - <AI쇼크, 다가올 미래> 모 가댓",짱고아빠,Jun 15. 2023,https://brunch.co.kr/@@2XcX/178,가능할지도 모르겠다. AI는 감정에 휩쓸린 인간보다 훨씬 객관적이고 합리적이다. 4. 나 같은 사람도 머신러닝을 실험하는데개발자들은 오죽할까. 하지만 안타깝게도 그들의 실험 결과는 다음과 같다. 러시아의 인공지능 앨리스는 보름 만에 폭력을 찬양...,개발자
19,0,질문이 자신의 표현이 되는 시대 <2> - 어느 인문학도가 바라본 GPT이후,시몬 베유,Jun 15. 2023,https://brunch.co.kr/@@7r5X/218,"후련하다 등등의 기분을 느낀다. 이 예시는 단순히 MBTI의 F나 T의 문제는 아닌 것 같다. 이와 같은 반응들은 다름 아닌개발자커뮤니티에서도 확인할 수 있다. 데이터베이스가 웹페이지와 ’ 접속’과 ‘연결’하는데 문제가 생기고, 그것을 열심히 푸는...",개발자
20,0,미완의 테스터 - 김영나 개인전 《TESTER》,moonhayn,Jun 15. 2023,https://brunch.co.kr/@@38iv/68,7. 8 테스터 (TESTER_는 흔히 어떤 제품이 완성을 눈앞에 두고 있거나 실험 과정이 결론을 내리기 직전에 등장하는 개념이다.개발자는 처음 세웠던 가설의 논리나 상상했던 기능에 대해 충분한 확신을 지닌 채 마지막 빈칸 ― 테스트 (TEST) 단계를 남겨...,개발자
21,0,LINE NFT 마켓플레이스 ‘DOSI’ 역기획하기,Mobiinside,Jun 15. 2023,https://brunch.co.kr/@@zIH/5311,보관하고 송금할 수 있으며 반드시 DOSI Wallet만을 이용해야 한다. – 블록체인 네트워크 구조(핀시아 네트워크) 만약개발자가 핀시아 네트워크를 이용해 ‘사용자 간 토큰 전송 기능’을 사용하기 위해서는 심사위원회의 승인이 필요하다. LINE이...,개발자
22,0,서브웨이 샌드위치를 거부할 수 없어 - 음식도 효율적으로 선택해야 하는 시대,공작소오칠일,Jun 15. 2023,https://brunch.co.kr/@@RBj/183,맛의 다양성이 갖는 강점 때문이 아닐까. 물론 아침 시간에 맥모닝이나 서브웨이를 택하는 이유는 좀 다르겠지만. IT회사의개발자인 친구는 채소를 먹기 위해 매일 두 끼를 서브웨이 샌드위치로 해결한다고 말했다. 샐러드만 먹자니 탄수화물이 부족하고...,개발자
23,0,사회초년생이 알면 좋은 꿀팁 5가지 - UI UX 신입 디자이너라면 알아둬야할 업계 전문 용어,다채로운 윤슬,Jun 15. 2023,https://brunch.co.kr/@@5uKL/48,백엔드 Back-end 데이터 값이 흘러가는 구조를 설계하는 개발 영역으로 실질적으로 보이지 않는 부분을 담당한다 풀스택개발자Full-stack developer 요즘은 업종이 세분화되는 추세이지만 퍼블리싱부터 프론트엔드 백엔드까지 모두 개발 가능한 능력자를...,개발자
24,0,목요일 화실은 소중해 - 내가 되는 목요일,김서림,Jun 15. 2023,https://brunch.co.kr/@@72lJ/145,"대부분 이런 작업은 카피라이팅 전문가가 하는 것이 더 퀄리티가 좋아요. 그러나 상황이 여의치 않을 땐 상품개발자가 그 역할을 대신할 때도 있어요. 쉽고 간결한 언어, 잘 정제된 언어이면서 사람의 마음을 사로잡는, 그런 언어가 필요해요. 자연히 글...",개발자
25,0,카카오모빌리티 주니어랩 - 택시기사 자녀를 위한 성장지원 프로그램 OPEN,카카오모빌리티,Jun 15. 2023,https://brunch.co.kr/@@4FwP/128,"함께 자율주행과 로봇, UAM을 연구하는 미래이동연구소에서의 생생한 현장 학습, 그리고 카카오모빌리티개발자의 진로 멘토링 등 IT개발자의 꿈을 가진 청소년에게 흥미와 자신감을 심어줄 재미있고 알찬 과정으로 구성되어 있어요. 주니어랩 프로그램은...",개발자
26,0,6. 아이디어 구체화하기 - 당신의 아이디어가 비즈니스가 되는 순간,강코치,Jun 15. 2023,https://brunch.co.kr/@@ABO/297,"PO(Product Owner), 앱 기획자, 웹 기획자, 앱 디자이너, 웹 디자이너, 퍼블리셔, 네이티브 앱개발자, 프런트엔드개발자, 백엔드개발자, DB개발자, 아키텍처, 품질(QA) 담당자 등으로 구성이 됩니다. 이렇게 많은 팀원이 구성될 때는 우리가 어떤...",개발자
27,0,재주는 곰이 부리고 돈은 되놈이 가져간다 #1 - 상담사 존재의 이유.,하늘물,Jun 15. 2023,https://brunch.co.kr/@@1VEA/5,"답변을 주는데, 운영그룹의 경우 본인들 또한 현장과 마주할 일이 많아서인지 얼마 지나지 않은 시간내에 처리된다. 문제는개발자확인까지 필요한 경우였는데(이 부분에서 많은개발자분들이 노하지 않으셨으면 좋겠다. 어디까지나 개인적인 관점이다...",개발자
28,0,인공지능 기술과 인사관리의 조화로운 발전을 위한 제언 - Chatgpt와 인공지능을(AI)를 활용한 인사관리 영역과 한계,David Han,Jun 15. 2023,https://brunch.co.kr/@@bMRO/1,"하였습니다. 한 가지 예로, 아마존도 최근 인공지능 인사시스템을 도입했다가 폐기 한 실패 사레가 있는데 이유는 시스템개발자와 결정권자인 임원이, 남성이 여성보다 남성을 선호하는 편향성과 흑인보다는 백인, 못 사는 지역보다는 잘 사는 지역에...",개발자
29,0,사직서를 제출하다. - 사직사유는 임금체불로 인한 퇴사,예디,Jun 15. 2023,https://brunch.co.kr/@@9SS6/17,"무수한 기회를 주었다. 처음 우리에게 월급이 들어오지 않는다는 말을 들었을 때에도, 팀원들은 본인들의 월급보다는 해외개발자들의 월급을 먼저 걱정했고, 우리는 계속 회사에게 함께 가고 싶다고 얘기했다. 그렇기에 해결책을 가져와달라고 요청했지만...",개발자
30,0,1인기업 그리고 은퇴. - 일상을리뷰,Vintage appMaker,Jun 15. 2023,https://brunch.co.kr/@@4WjL/221,for all)에서 평가를 받게 된다. 4. 지금도 내 주위에는 명문대 출신과 공학박사들이 즐비하다. 그러다보니 학사출신의 늙은개발자라는 타이틀이 더 돋보이는 희귀현상을 경험한다. 그런데 그들도 알고 나도 안다. 우리가 이력서 프로필처럼 잘났으면 이...,개발자
31,1,"프론트엔드일상 - 남을 가르친다는 것은.. - 지식을 아는 것과, 지식을 전달하는 것은 전혀 다른 영역이었다.",찐님,Jun 15. 2023,https://brunch.co.kr/@@eI10/20,"경험이 정말 수강생들이게 도움이 되는지, 내가 누군가를 가르칠 깜냥인지 고민에 빠졌다. 사실 나도 이제 막 만2년을 채운개발자이고, 에러를 만나면 stackoverflow나 구글링으로 해결하는 주니어일 뿐인데... 무엇보다 누굴 가르쳐본적이 없다는 것이...",개발자
32,0,한 입 리더십 _ 공유하며 함께 성장하는 시대,그로플 백종화,Jun 15. 2023,https://brunch.co.kr/@@69YW/790,"HRer의 성장이 CEO를 넘어서지 못하고 있는 것입니다. 회사는 탁월한 HRer보다 CEO가 알고 있는 HR 수준에 머물게 되거든요.개발자들의 성장, 개발이라는 직무가 성장한 이유 중 하나가 오픈소스와 커뮤니티에 있는 것과 비슷한 일들이 요즘 우리나라 HR...",개발자
33,0,퀸덤 서바이벌의 세계 - 우리가 보고 싶은 게 노력과 성공의 이야기일까,KwfwK,Jun 15. 2023,https://brunch.co.kr/@@5ABA/121,"싶었지만, 그래도 그때그때 떠오른 생각을 대충 적기에 여기만한 곳이 없어서 다시 쓰기로 했다. 어차피 사용자 따위는개발자& 사업자가 제공하는 기술에 적응해야 하는 것이고, 무엇보다 여긴 교류도 없고 글값도 없어서 무책임하게(!!) 끄적거려도...",개발자
34,1,[일반용] 코딩 배우면 뭐가 좋나요?,배지수,Jun 15. 2023,https://brunch.co.kr/@@6yx4/43,"안고 있으실 겁니다. '코딩, 굳이 배워야 하나? 배우면 뭐가 좋을까?' 사실, 배우지 않아도 사는 데 지장은 없습니다.개발자들이 잘 만들어놓은 서비스를 우리는 누워서 신나게 이용하면 그만이죠. 그런데 제가 어느 날 보고 바로 저장한 이미지가 하나...",개발자
35,0,덜 명령하면서 더 힘을 실어주는 리더가 되기 - HBR 구독에서 일상 활용으로,안영회 습작,Jun 15. 2023,https://brunch.co.kr/@@4DBT/1001,식으로 제가 어깨너머 배우면서 '사후에' 멘토라고 여깁니다. [3] 창업 후 첫 해에는 컨설팅을 하다가 2017년부터는 한국개발자들을 고용해서 북경에서 일하기 시작했습니다. [4] 그리고 <나는 애자일이 싫다>가 바로 자신에 대한 직면 없이 모든 것을...,개발자
36,1,코딩하는 건축가 : 다시 건축을 시작하다 - 나 자신을 알아보기,코딩하는 건축가,Jun 15. 2023,https://brunch.co.kr/@@bXvZ/18,"꽤나 많이 볼 수 있다. 두서없는 첫 이야기를 마치며 마무리가 있어야 시작도 있다는 마음에서 글을 적어봤다. 국내에서코딩과 건축을 하는 사람들은 몇 명 있다. 어떤 사람은 각종 API를 이용하는 수준, 어떤 사람들은 높은 수준의 알고리즘을 사용해...",코딩
37,0,인공지능과 로봇시대에 우리가 운동을 해야 하는 이유 - 인류의 멸망을 막기 위해서라도 우리는 움직이고 운동을 해야 한다.,푸샵,Jun 15. 2023,https://brunch.co.kr/@@3bUg/422,"갖고 있으며 거의 사람과 다름없는 수준의 유창한 답변을 제시할 수 있습니다. 심지어 ChatGPT 본인이 AI면서도 다른 AI를코딩하는 능력까지 갖추고 있습니다. ChatGPT는 AI이고, AI는 빅데이터를 학습하며 세상의 이치를 수학적 패턴으로 분석하는 도구...",코딩
38,0,기술이 해결해주는 세상 - 선제적 대응기술,권정윤,Jun 15. 2023,https://brunch.co.kr/@@6HVX/27,"한 ‘챗GPT’의 경우, 프로그램 코드를 짜는 일에 상당히 특화돼 있어서 인간보다 훨씬 높은 정확성으로 단시간 내에코딩작업을 대신 수행해준다고 한다. 이 뿐만 아니라 문서 내용을 보고서나 PPT, 그림 등 다른 포맷으로 알아서 표현하는 인공지능...",코딩
39,0,[제로베이스 UIUX 스쿨 15기] 막간 이야기 - 왜 나는 '제로베이스' 를 택했는가?,유지운,Jun 15. 2023,https://brunch.co.kr/@@eKd2/11,"여러가지 과제를 통해 나의 실력을 늘린다는 점, 다른 온라인 강의에는 없는 커리큘럼이 굉장한 강점으로 느껴졌다. 요즘코딩수업은 부트캠프 시스템이 굉장히 다양하고 활성화되어 있다 들었다. UI/UX 쪽은 많지 않지만 이 분야에서 그래도 유명한...",코딩
40,0,"혼란한 시장, 나홀로 상승중 탑3종목 - ● 미국주식, 어도비, 레나, 크로거를 주목해 보자.",굳찌,Jun 15. 2023,https://brunch.co.kr/@@6vJy/116,전망하며 목표가를 485달러로 상향 제시했다. 지난 8일(현지시각)에는 생성형 인공 지능을 위한 파이어플라이(Firefly)소프트웨어의 새로운 엔터프라이즈 애플리케이션을 발표했다. 기업용 파이어플라이를 통해 조직은 내부 및 외부 고객을 위한 디지털...,소프트웨어
41,0,슬립큐브 - 수면 온도 Management by TECH,전주훈,Jun 15. 2023,https://brunch.co.kr/@@swR/124,"측정 - 측정한 data를 기반으로 나한테 맞는 온도 알고리즘 제공 - 결국, 수면을 개선해주는 device 제품 구성 하드웨어 +소프트웨어+ 매트리스 - 하드웨어 : 물을 냉각/가열하는 큐브, 가열/냉각된 물이 흘러들어 가는 스마트 커버로 구성 -소프트웨어...",소프트웨어
42,0,현대차가 아이돌 소속사에 투자를 했다는 소식이 전해졌다 - 버추얼 휴먼 개발 엔터테인먼트 회사에 직접 투자,위키트리 WIKITREE,Jun 15. 2023,https://brunch.co.kr/@@Jp6/4395,"MakinaRocks)' ▲미국의 양자 컴퓨팅 업체 '아이온큐(IONQ)' ▲미국 음성인식 솔루션 업체 '사운드하운드(SoundHound)', ▲소프트웨어시험검증 솔루션 전문기업 '슈어소프트테크(Suresofttech)' 등 다양한 투자 사례와 함께 현재 이들과 협업하는 분야에...",소프트웨어
43,0,15. 높은 수준의 편집제작 Co-creator(1) - 32. 모바일 서비스 트렌드 : 성공적인 서비스가 갖는 15가지 특징,Rightbrain Lab,Jun 15. 2023,https://brunch.co.kr/@@aD5m/215,"수 있는 서비스들이 출시되고 있는 가운데, 어드로이트 마켓 리서치(Adroitmarket Research)는 28년까지 이미지 편집소프트웨어시장은 7억 3천만 달러(한화 약 9,000억 원), 음성과 영상 편집소프트웨어시작은 52억 달러(한화 약 6조 원)에 이를 것...",소프트웨어
44,0,단순함은 복잡한 사고의 결과이다.,Mobiinside,Jun 15. 2023,https://brunch.co.kr/@@zIH/5312,"복잡하게 만드는 것은 쉽지만 단순하게 만드는 것은 어렵다. 기업에서 판매하는 상품의 수, 상품의 기능 수, 보고서 양,소프트웨어아키텍처, 특정 기능 실현을 위한 클릭 수 등이 그 예다. 사무실이나 집이 별도의 노력이 없어도 쉽게 지저분해지지만...",소프트웨어
45,0,집 지을 터를 살피면서 - 부산 강서구 명지동 상가주택,김정관,Jun 15. 2023,https://brunch.co.kr/@@cx53/272,설계자의 작업 방향을 잡기 어렵게 하는 것일지도 모른다. 좋은 집에 대한 바람은 HOUSE라는 하드웨어가 아닌 HOME이라는소프트웨어로 행복한 삶에 대한 관심이 되어야 한다. 집에 대해 바람이 절실하지 않으면 ‘아파트가 어때서?’라는 결론에 이를 수...,소프트웨어
46,0,"오픈AI CEO, 샘 알트만의 독특한 투자 포트폴리오 - 지구와 인류의 미래에 투자하는 챗GPT의 아버지",윤준탁 Chris Yoon,Jun 15. 2023,https://brunch.co.kr/@@31P8/83,"투자한 포트폴리오를 보면 쉬운 스타트업보다 미래를 내다보는 어려운 투자를 하고 있다고 볼 수 있다. 물론 지금까지소프트웨어나 소셜 미디어, 핀테크와 같은 일반적인 분야에도 많이 투자했다. 아마 한 10~20년 뒤면 샘 알트먼의 투자로 성장한 기업이...",소프트웨어
47,0,[벤자민 프랭클린] - 아침편지,하민혜 mindbooja,Jun 15. 2023,https://brunch.co.kr/@@dLsB/180,"누군가의 보살핌 없이도 생존이 가능해지지만, 이미 머릿속엔 프로그램이 깔렸습니다. 사람 역시 컴퓨터처럼 하드웨어와소프트웨어가 있다고 빗대곤 하죠. 쉽게 말해, 대체로 우리는 버림받는 느낌, 인정받지 못하는 느낌이 죽음과 같은 두려움으로 각인...",소프트웨어
48,0,"시대를 초월한 가치를 되돌아보다, 포니의 시간 특별전 - 도전과 혁신으로 완성된 포니를 되돌아보는 특별전으로 당신을 초대...",HMG 저널,Jun 15. 2023,https://brunch.co.kr/@@3hBb/845,"나은 미래를 향한 도전과 혁신, 영감의 원천을 찾는 과정이 된다. 그런 점에 있어서 전동화 및 자율주행, SDV(SoftwareDefined Vehicle,소프트웨어중심의 자동차), 로보틱스 기술과 AAM(Advanced Air Mobility, 미래 항공 모빌리티)을 핵심으로 하는...",소프트웨어
49,0,8. 비즈니스 모델 패턴 이해 - 당신의 아이디어가 비즈니스가 되는 순간,강코치,Jun 15. 2023,https://brunch.co.kr/@@ABO/299,대다수의 아이디어는 어떤 업에 속하는지 판단하기도 힘들고 이것을 어떻게 구체화해야 할지 막막한 경우가 있죠.소프트웨어와 IT시장에는 세부적으로 유사한 비즈니스모델 패턴이 존재합니다. 디지털 영역은 실물 영역에 비해 물리적 한계를 뛰어넘을 수...,소프트웨어
50,0,디스토피아에서도 사랑을 외친다 - <이어즈 & 이어즈>의 이디스(E.D.I.T.H),제르네바,Jun 15. 2023,https://brunch.co.kr/@@1Swf/109,"현 젊은 세대와 기성 세대 사이 불화 등 오늘날에도 흔한 갈등들과 데칼코마니를 이룬다. 이러한 하드웨어 측면의 발달 외소프트웨어적 변화도 보이는데 드라마의 중심적인 축은 여기에 있다. 괴물 정치인의 포퓰리즘적 선동과 득세, 이를 등에 업은...",소프트웨어
51,1,"지원자의 고민, 합격자가 직접 답해드립니다 - 우리의 이야기로 당신의 걱정이 녹아내렸길 바라요!",카카오뱅크 Plus,Jun 14. 2023,https://brunch.co.kr/@@doCk/73,"두려워요. - 카카오뱅크의 일하는 방식이 궁금해요! #3. 입사 지원 꿀팁 - 경력기술서 작성은 어떻게 하면 좋을까요? -코딩테스트준비에 유용한 팁이 있을까요? - 면접 후기와 팁이 궁금해요! 왼쪽부터 테리, 로기, 모나, 프랭크, 제온 Interviewee...",코딩테스트
52,1,09. 코더는 이만 사라져주겠어,유자,Jun 14. 2023,https://brunch.co.kr/@@c3c1/20,"나중에 문제가 생기면 저는 또 그 옆에 불려가서 같이코딩하고 있어야 했어요. 지난한 시간이었어요. 그래도 저 리액트 열심히...것도 구현하고, 장바구니랑 결제하는 시스템 연동도테스트하고, 여러 SNS 로그인 API도 연결하고, 이제 혼자서 어지간한...",코딩테스트
53,0,뭐야 나 빼고 다 하고 있었네?,김광철,Jun 14. 2023,https://brunch.co.kr/@@7o7F/107,"이게 되는 회사가 있고 안 되는 회사가 있기는 한데, 물론 공무원이나 공공기관 종사자들은 안되는 것으로 알고 있지만.개발자나, 디자이너 등 기술자들? 은 다들 사이드프로젝트를 하고 있었다는 것.(나만 모르고 있었다는 것 아직도 창피함. 이래서...",개발자
54,0,성장을 저하시키는 쓸데없는 업무,아마란스,Jun 14. 2023,https://brunch.co.kr/@@clO3/30,"모르겠다. 어차피 받든 말든, 이유 없이 그 업무를 할 건데 왜 쓰냐는 것이다. 디자이너는 디자인 요청서를 달라고 하고,개발자는 개발 요청서를 달라고 하더라 자기 일하기 편하게 '아무 생각도 안 하고 그냥 하던 끄적거림이나 할 테니' 생각은 네가...",개발자
55,0,3개월 차 병아리 PM의 중간보고 - 짧은 기간 동안의 고분고투기,여름의 자두,Jun 14. 2023,https://brunch.co.kr/@@eKWK/38,업무이지만 뒤에 조용하면서도 크게 떡하니 서서 버티고 있는 '산출물'이라는 지옥이 기다리고 있다. 매일 같이 키보드를개발자보다 더 많이 두드리며 진땀을 빼는 게 일상. 여차저차해서 끝낸 문서 뒤엔 또 다른 문서가 기다리고 있으며 심지어는 무슨...,개발자
56,0,나의 욕망 이야기 - 세계를 이해하고 언어로 표현하기,김예린,Jun 14. 2023,https://brunch.co.kr/@@8gDx/40,"중 과 단톡방에 올라온 스타트업 인턴 공고에 지원, 합격하여 콘텐츠를 만드는 일을 하게 된다. 그곳에서 UX/UI 디자이너,개발자를 처음 만났고 디자인의 세계에 눈을 들이게 된다. 다시 복학 후 학교를 다니며 한양대학교 학생들과 프로젝트를 했었고...",개발자
57,0,"너무나도 중요하고, 무겁고, 어려운 가시화라는 단어 - 최근 가시화라는 단어가 가시처럼 콕 박혔다",ASH,Jun 14. 2023,https://brunch.co.kr/@@2cqn/225,"끝까지의 범위를 바탕으로 공수를 산정해야 한다. 예를 들어 목표가 '유저는 장바구니에서 결제까지 할 수 있다'라면개발자에게 장바구니부터 결제까지의 기획서 혹은 디자인 시안과 같은 산출물을 분절시켜서 전달하는 게 아니라, 유저가 장바구니로...",개발자
58,0,실무 디자인 시스템 구축 방법(3) - 디자이너라면 꼭 알아야할 실무 디자인 시스템 구축,DO BLING,Jun 14. 2023,https://brunch.co.kr/@@fpdv/15,예비 디자이너들을 위해 매주 제가 경험한 디자인 인사이트를 업로드 합니다. 지금까지 디자인 시스템 구축을 위해 디자이너와개발자의 Agenda를 확인 후 목표와 목적 원칙을 정하고 디자인 시스템의 기초를 다지는 작업을 설명하였습니다. 이번에는 이것...,개발자
59,0,실무 디자인 시스템 구축 방법(2) - 디자이너라면 꼭 알아야할 실무 디자인 시스템 구축,DO BLING,Jun 14. 2023,https://brunch.co.kr/@@fpdv/14,예비 디자이너들을 위해 매주 제가 경험한 디자인 인사이트를 업로드 합니다. 저번글에서 디자인 시스템에 대한 디자이너와개발자각자의 Agenda와 디자인 시스템 구축을 위한 팀의 목표와 목적에 대하여 알아보았습니다. 이번글에서는 디자인 시스템...,개발자
60,0,"[하이라이트 채용] Vol.2 신용카드 프로젝트 - 2023년 6월, 지금 가장 주목할 공고",카카오뱅크 Plus,Jun 14. 2023,https://brunch.co.kr/@@doCk/72,"카드 금융서비스 • 사업 기획 담당자 - 청구/입금 서비스 • 사업 기획 담당자 - 카드 채권 [Core Banking] • 카드 코어개발자- 회원, 한도, 사후관리 • 카드 코어개발자- 상품, 승인, 매출 • 카드 코어개발자- 청구, 입금, 카드론 • 카드 코어...",개발자
61,0,"린 고객 개발 (2) - 언제, 이 시장에서, 이 BM이 괜찮다고 판단하는가",최새미,Jun 14. 2023,https://brunch.co.kr/@@1mEB/27,"세일즈팀에게만 '발주 전환'을 목표로 달려주기를 제안했는데, 이번에는 '발주 전환'의 이유를 찾아달라고 제안했다.개발자를 제외한 전 인력이 여기에 매달렸다. 그 중에는 qualified lead로 발주 과정에 발만 담그며 약간 진입했다가 나가리된 사람들도...",개발자
62,0,"인공존재로부터 던져지는 질문 - 남세오, 『너와 내가 다른 점은』, 씨드북, 2023",달리,Jun 14. 2023,https://brunch.co.kr/@@21Cg/701,"기제로 작동하지요. 그러나 단 한 명, 서나리에게는 그게 먹혀들지 않습니다. 이유는 나리의 엄마가 로엔을 만든 인공지능개발자이기 때문입니다. 나리는 엄마의 통화 내용을 엿듣고 로엔이 안드로이드라는 사실을 알게 됩니다. 로엔이 아무리 아니라고...",개발자
63,0,30. IT업체의 프로젝트 준비 - IT업체의 프로젝트 준비와 수주과정,OurStellar,Jun 14. 2023,https://brunch.co.kr/@@eYtK/39,업체라 부른다. SI라는 말은 시스템 통합(System Integration)의 영어 약자이다. 또 SI라면 개발 프로젝트에 투입되는 외부개발자라는 것도 알고 있다. 그러나 엄밀한 의미에서 SI는 IT의 다양한 구성이 결합된 시스템 구축을 의미한다. 단순히개발자몇...,개발자
64,0,"누구나 쉽게 이해하는 SaaS, PaaS, IaaS",IGM세계경영연구원,Jun 14. 2023,https://brunch.co.kr/@@cT5r/126,"지불하고 사용할 수 있다. PaaS(Platform as a Service) PaaS는 서비스로 제공하는 플랫폼을 빌려 쓰는 개념이다. PaaS는 특히개발자들에게 유용한 작업 환경을 제공한다. 개발을 위한 플랫폼을 구축할 필요 없이, Microsoft Azure와 같은 PaaS를 사용...",개발자
65,1,스타트업 데이터 사이언티스트는 무슨 일을 할까? - 티맵모빌리티 조직인터뷰 2편. Data Intelligence팀,티맵모빌리티,Jun 14. 2023,https://brunch.co.kr/@@dsaj/25,Date Intelligence(이하 DI)팀을 모셨습니다. 각자 자기소개 부탁드려요. 세희: 안녕하세요. 데이터 엔지니어 겸 서버개발자이세희입니다. 예진: TMAP 화물 서비스의 모델링을 맡고 있는 데이터 사이언티스트 이예진입니다. 수현: 프로덕트를 분석하는...,개발자
66,0,생각을 주입당하는 기계들 : 공교육의 문제점,성원합니다,Jun 14. 2023,https://brunch.co.kr/@@eri1/5,"학생들이 프로그래밍 수업을 듣고 있었다. 여기서 간과하지 말아야 할 것은 프로그래밍은 하나의 수단이라는 것이다. 게임개발자들, 웹 프로그래머들과 같이 프로그래밍을 ""수단""으로서 사용하는 사람들은 좋은 웹을 만들기 위해, 혹은 좋은 게임을...",개발자
67,0,인공지능(AI)의 정답은 데이터에 있다 - 아무리 강조해도 지나치지 않은 데이터의 중요성,알바트로스,Jun 14. 2023,https://brunch.co.kr/@@aPda/201,"어려워 보이는 것에 대단한 비밀이 숨어있을 것이라고 믿지만, 문제의 정답은 의외로 가까이에 있는 경우가 많다. 인공지능개발자혹은 데이터사이언티스트들은 머신러닝(딥러닝) 모델을 개발할 때 모델의 성능(예측 정확도 및 오차)에 목을 맨다. 밤잠을...",개발자
68,0,인생이 게임이라면 - 리사의 love yourself,김리사,Jun 14. 2023,https://brunch.co.kr/@@4j55/150,을 던지는 저의 캐릭터에게 오늘은 그럼에도 사랑을 줘 보려고 합니다. '저'라는 캐릭터는 생각보다 사랑스럽습니다. 게임개발자의 눈으로 바라보니 '저'라는 캐릭터는 '사랑'이더라고요. 왜 이런 캐릭터가 필요했을지 이해했습니다. 결국 저는 이번 게임...,개발자
69,0,"A-4. 모든 상품에는 운명이 있어야 한다. - 의미, 미션, 메시지, 가치",summum,Jun 14. 2023,https://brunch.co.kr/@@feNx/4,생에는 한 번 그렇게 살아보고 싶다.(ㅎㅎ) 상품에 대입해 보면 어떨까? 상품에도 운명이 있을까? 물론이다. 상품은 상품개발자에 의해 만들어지는 서비스이자 재화다. 사람처럼 타고나는 운명이 아니라개발자의 기획 의도에 따라 얼마든지 만들어질 수...,개발자
70,0,디지털 마케팅의 중요성을 다시 한번 깨닫다 - 구글 애널리틱스가 생각보다 우리 일상에 많은 도움을 주더라,훈댕,Jun 14. 2023,https://brunch.co.kr/@@cmnt/146,반면에 디자이너들은 어떤 방식으로 상품을 디자인하고 페이지를 고객에게 보여주는지에 대한 초점을 바라보게 된다. 엔지니어 또는개발자들은 상품 안에 들어간 기술력이나 페이지가 에러 없이 돌아가는 게 우선순위라고 본다. 그리고 내 직군에 있는...,개발자
71,0,"지구적 선(Global Good) - 새로운 문명의 지향점, Global Good",전하진,Jun 14. 2023,https://brunch.co.kr/@@30iG/122,현실 세계는 최적화되고 정신세계는 고도화될 수 있는 발판이 마련되었다고 할 수 있다. 최근에 chatGTP 등 생성형 인공지능개발자들이 한시적으로라도 인공지능 개발을 중단해야 한다고 주장하기도 했는데 이는 인공지능의 지적능력 향상이 지구적 선과...,개발자
72,0,"""귀여운 지프 어벤저?"" 피아트 600e의 깜찍한 외관 - 소형 전기 SUV 피아트 600e 티저 공개",위드카 뉴스,Jun 14. 2023,https://brunch.co.kr/@@fiVN/153,"또한, 그 크기와 형태는 이전에 출시된 피아트 500X와 많은 공통점을 보여준다. 피아트 600e 또한, 신형 피아트 500은프런트엔드디자인의 변화로 인해 휠베이스가 전보다 더 길어졌는데, 이 같은 피아트 500의프런트엔드디자인을 사용한 만큼 피아트...",프론트엔드
73,0,"[제로베이스 UIUX 스쿨 15기]2주 2일차 - 문제를 정의하고, 해결하는 법",유지운,Jun 14. 2023,https://brunch.co.kr/@@eKd2/9,"고객 입장에서 잘하고 있는 기업은 고작 '8%' 밖에 안된다 하니, 얼마나 세상의 시선이 매서운지 알 수 있는 부분이다.프론트엔드와 백엔드 모드에게 규율이 되어주는 것. 흔히프론트엔드백엔드라는 이야기를 이 업계를 준비하다보면 많이 듣게된다. 앞...",프론트엔드
74,0,재능과 직업과 취미,Renaissance,Jun 14. 2023,https://brunch.co.kr/@@fpTB/10,지향하는 한국에서 어렸을 때부터 엘리트 체육인으로 자란 사람 중에 이런 케이스가 많다. 내가 직업으로 삼으려는 분야가코딩이라면 프로그래머 수요는 매우 많으니 어떻게든 직업을 삼을 수 있겠지만 엘리트 체육인의 경우 실업팀에 소속될 수 있는...,코딩
75,0,영실이의 마음(동화) - 엄마와 아이가 함께 읽는 동화,경험과 성찰,Jun 14. 2023,https://brunch.co.kr/@@fvAc/3,"은정은 영실이 방문을 힘차게 열어젖혔다. 영실은 급하게 컴퓨터 화면을 닫는다. “야~, 너 뭐 한 거야?” ""응? 아니.코딩연습했어” “근데, 왜 노트북 화면을 닫아?” 은정은 영실이 노트북 화면을 열어보았다. 화면에는 방금까지 한 게임의 흔적이...",코딩
76,0,쇼핑 유형별 이커머스 전시영역 기획 전략 - 당신의 고객은 어떤 유형인가요?,요니,Jun 14. 2023,https://brunch.co.kr/@@363N/7,"전시와 검색 영역입니다. 검색, 개인화 추천, 콘텐츠에 집중해 어떤 경험을 설계해야 할지 설명해 보겠습니다. 출처: 도그냥 <코딩몰라도 됩니다> 검색 수렴하는 검색 vs 확장하는 검색 목적형 플랫폼에서는 고객이 목표로 좁혀갈 수 있는 기능을 제공...",코딩
77,1,"ChatGPT-as-a-Service Interface - ChatGPT, 검색의 시대에서 추천의 시대로 전환시킨다",김학용,Jun 14. 2023,https://brunch.co.kr/@@2gvj/305,"보게 되는데, 결국은 너무 많아서 포기를 하게 되죠. 그런 일을 대신 해주겠다는 것입니다. 오전에 ChatGPT 강연을 한 모소프트웨어회사에서도 단순히 API를 이용하는 것이 아니라 자신들만의 독자적인 LLM 솔루션을 확보하여 기존 솔루션에 새로운 기능...",소프트웨어
78,0,"글로벌 무대에서 돋보인 현대차그룹 모델들 - 현대자동차그룹은 북미, 독일 자동차 시상식에서 우수한 경쟁력을 입증했다.",HMG 저널,Jun 14. 2023,https://brunch.co.kr/@@3hBb/844,"글로벌 자동차 업계가 현대자동차그룹의 행보에 주목하고 있다. 전동화, 자율주행차, SDV(SoftwareDefined Vehicle,소프트웨어중심으로 진화하는 자동차) 등 대전환기를 맞이한 자동차 산업의 중심에서 인상적인 활약을 펼치고 있기 때문이다. 지난해에...",소프트웨어
79,0,CES2023 Key Takeaways - 난 CES를 통해 어떤 변화와 혁신의 움직임을 보았는가?,최형욱의 Radical Perspective,Jun 14. 2023,https://brunch.co.kr/@@q0K/20,"사라지기 시작한다. 다만 가전과 전기자동차, 전자제품 위주의 생태계를 더 밀접하게 반영하고 있고 신기술이나소프트웨어, 서비스와 같은 영역은 CES에 받아 들여진지 오래지 않아 그 시차가 더 클 뿐이다. 그래서 CES에서는 하나 하나의 제품과 기술을...",소프트웨어
80,0,역행자,책인사,Jun 14. 2023,https://brunch.co.kr/@@7SUi/609,"된다. 나는 책이라는 형태로 다가온 행운을 꼭 잡고 놓지 않았다. 그 책들은 패배주의에 사로잡힌 내 머릿속에 새로운소프트웨어를 깔아주는 설치 가이드였다. 나는 마침내 발밑에 깔린 철로를 보게 되었고, 절망으로 가는 전철에서 내릴 수 있었다...",소프트웨어
81,0,"콘텐츠의 예술 + ICT기술 = 에스테텍 프로그램? - 2023 콘텐츠액셀러레이팅 지원사업 ""에스테텍 스케일업 프로그램 시즌4""",오섭,Jun 14. 2023,https://brunch.co.kr/@@bhb3/28,"창업자 또는 7년 이내 콘텐츠 분야 스타트업 ※ 신산업 분야(AI, AR/VR, ESG 등)와 융합 가능한 원천 IP, OTT, 메타버스,소프트웨어등의 사업을 영위하는 초격차 콘텐츠 스타트업 선발규모: 10개사(팀) 예정 ※ 동일 사업 아이템 및 기술로 당해 연도...",소프트웨어
82,0,9.모바일 디바이스에서 쉽게 인풋 입력하기 - [1]인풋컨트롤,Potatohands,Jun 14. 2023,https://brunch.co.kr/@@2aZa/266,통해 타이핑을 할수 있다. 모든 폼 필드에 이런 옵션이 적용되는 것은 사용성이 좋지 않을 수도 있다. 예를 들어 음성인식소프트웨어는 자주 이름을 인식하거나 주소를 인식할때 정확도가 떨어지는 문제를 일으킨다. GPS인식와 음성인식의 기능은 많은...,소프트웨어
83,0,"채식하는 요기니 - 나의 요가 5) 몸과 정신, 그 사이의 정치 그리고 신념",요리하고 요가하고 책 읽는 개백수,Jun 14. 2023,https://brunch.co.kr/@@did5/11,비싼 건 채소였다. 그래서 나는 단돈 천원으로도 살 수 있는 부추나 상추를 사먹었다. 그러던 중 연애를 시작했다. 한소프트웨어회사의 '문제 생기면 뒷처리하는' 엔지니어인 그는 당시 수원 삼성전자 건너편 원룸가에 자주 출입했다. 안드로이드...,소프트웨어
84,0,"현대자동차의 ccNC, ""소프트웨어중심을 향한 걸음""",현대자동차,Jun 14. 2023,https://brunch.co.kr/@@bQOC/345,"의미합니다. 현대자동차는 2025년까지 모든 차종을 SDV로 대 전환해 새로운 스마트 모빌리티 시대의 문을 열고, 고객들이소프트웨어로 연결된 안전하고 편안한 이동의 자유와 혁신적인 사용자 경험을 누릴 수 있도록 할 계획입니다. 디 올 뉴 그랜저 실내...",소프트웨어
85,1,ChatGPT 등장에 따른 법적 리스크 (Part 1) - AI X NFT in Legal,캘리포니아 성변호사,Jun 14. 2023,https://brunch.co.kr/@@90wZ/205,"Confidentiality) 일단 가장 먼저 떠오르는 문제로는 기밀 유지에 대한 리스크가 있다. 많은 기업들이 비즈니스 전략,소프트웨어또는 기타 내부적 지식재산 등을 더욱 발전시키거나 개선하기 위해 GAI를 사용하고자 하는 수요가 많지만, ChatGPT 및 기타...",소프트웨어
86,0,인공지능 핵심 기업 팔란티어 미래 전망은 어떠한가 - 인공지능(AI) Sector,건강나무,Jun 14. 2023,https://brunch.co.kr/@@cbI/53,데이터를 관리하고 있는 회사들이 어려움을 겪을 수 있는 모든 문제를 데이터를 통해 이해할 수 있도록 해준다. 먼저소프트웨어전문가를 회사에 파견하고 그러한 데이터들을 관리할 수 있도록소프트웨어를 기업들에게 맞게 맞춤형 서비스를 제공한다...,소프트웨어
87,0,게임의 발전과 함께하는 세계문화유산 1/2,유정호,Jun 13. 2023,https://brunch.co.kr/@@3MXB/494,"격려하고 지지해주기도 한다. 실제로 청소년들의 진로 희망을 살펴보면 ‘프로게이머’. ‘게임 그래픽 디자이너’, ‘게임개발자’ 등 게임과 관련된 직종을 선택하고, 꿈을 이루기 위해 노력하는 경우를 어렵지 않게 흔히 볼 수 있다. 2021년 한국직업...",개발자
88,0,빅데이터 시대 나의 강점 찾기 - ”직장인 데이터 성향 테스트”,데이터리안,Jun 13. 2023,https://brunch.co.kr/@@dhOj/122,"기초 문법부터 같이 공부할 수 있는 패키지를 추천해. 패키지는 컴퓨터공학 전공이 아닌 사람들도 많이 들으니까 'SQL...개발자들이 쓰는 프로그래밍 언어 아니야? 어려울 것 같은데' 걱정이 되어서 아직 시도도 안 해 본 사람이 있다면, 이번에 겁내지...",개발자
89,1,8년차개발자의 고민거리 - 일과 성장,헤이영,Jun 13. 2023,https://brunch.co.kr/@@335g/1,"연차가 찰수록 점점 더 많은 고민거리가 생깁니다. 신입개발자때는 모르는 게 너무 많아, 단순히 `맡은 업무를 잘 해내자!` 가 목표였었던 것 같습니다. <출처: 인스타툰 데브경수 @waterglasstoon> 근 5년간 매년 스스로 회고했었습니다. '맡은 일을...",개발자
90,0,"그러니까, 저 이제 진짜 간다니까요? - 캐나다 워홀 출국 당일",다니,Jun 13. 2023,https://brunch.co.kr/@@drmb/11,"뭘 어떡해, 어떻게든 또 잘하겠지. 아니, 또 못하면 어때? 그렇게 배우면 되지. 그러려고 가는 거잖아? 아니, 차라리 가서개발자로 취업을 한다거나 영어를 공부하겠다거나 그런 뚜렷한 목표가 있다면 몰라도, 그동안 해보지 않았던, 하기 꺼려졌던...",개발자
91,0,가치가 느껴지는 컨셉이 이노베이션을 완성합니다.,Kevin Seo 서승교,Jun 13. 2023,https://brunch.co.kr/@@3z3h/78,"얻는 가치를 쉽게 느끼지 못함. 마케팅 비용이 많이 듦. 어얼리 어댑터나 과시욕이 있는 일부 사람들에게 어필하는 영역.개발자나 업계에서 열광하는 품질 혁신 영역. ChatGPT, 무인드론택시 3 사분면 - 제로혁신(Zero Innovation) : 고객이 느끼는 기술...",개발자
92,0,성과중심사고란,최효석,Jun 13. 2023,https://brunch.co.kr/@@xX6/425,"입고 오는 직원 또는 정장에 구두를 신고 오는 직원 누가 맞는 것일까? 정답은 ""가장 성과를 낼 수 있는 복장""이다.개발자처럼 오랜 시간 한 자리에 앉아서 내근 업무를 하는 일이라면 가장 편한 복장이 가장 성과를 낼 수 있는 복장이다. 반면 고객에게...",개발자
93,0,"블록체인으로 지적재산권 인증·관리, 이젠 세계로 간다 - [Startup:D] (주)레드윗 김지원 대표",스타트업디,Jun 13. 2023,https://brunch.co.kr/@@foTw/9,"가장 적합한 기술이고 이를 지적재산권 보호에 활용해보자는 그의 제안에 공감한 석사 동기생 3명이 합류했다. 2명은개발자, 김 대표를 포함한 2명은 사업기획과 투자유치 파트를 맡았다. 이 팀이 고스란히 레드윗 공동창업자가 됐다. “제가 문과생이다...",개발자
94,0,이모트(Emote)가 뭐야?? - 이모티콘은 알지만 이모트는 생소한 사람들을 위해,Danstruct 댄스트럭트,Jun 13. 2023,https://brunch.co.kr/@@70z6/1,"즐겁게 소비할 수 있는 새로운 형태의 광고가 가능합니다. 사용자들은 플랫폼에서 기본으로 제공하는 이모트 외에도,개발자또는 기업이 홍보, 판매를 위해 별도 제작한 이모트도 사용 가능합니다. 메타버스 플랫폼에서 자체적으로 공급하는 콘텐츠만으론...",개발자
95,0,FDA가 웨어러블 기업에 살벌한 경고장을 보냈다고? - 카카오벤처스 디지털헬스케어 뉴스_20230613,카카오벤처스,Jun 13. 2023,https://brunch.co.kr/@@bcpZ/162,"을 제공하며 ""고위험 환자""에게도 사용할 수 있다고 홍보했다고 합니다. 2. 승인 없이 알고리즘을 변경하지 말 것 둘째로, 많은개발자들이 한번 승인을 받고 나면 소프트웨어를 쉽게 변경할 수 있다는 점에서 일종의 프리패스 권한을 가지고 있다고...",개발자
96,0,Open AI는 무엇을 꿈꾸는가? - ChatGPT가 나갈 길을 돈의 흐름이 말해줍니다.,권혁민,Jun 13. 2023,https://brunch.co.kr/@@fneV/18,"의지도 밝히며 한국과의 깊은 연대를 희망하기도 했죠. OpenAI는 AI 스타트업들에게 투자를 통해 자신의 위치를 AI 모델개발자로서 확고하게 하고, 이를 통해 수익을 창출하는 길을 찾고 있습니다. 이러한 투자 전략은 OpenAI가 AI 생태계의 중심에 위치...",개발자
97,0,쿠팡의 성공 법칙,캡선생,Jun 13. 2023,https://brunch.co.kr/@@R2i/900,"어디든 갔다. 심지어 한겨울 집 앞에서 몇 시간 동안 기다리다 허탕을 치기도 하고 제주도로 달려가기도 했다. 좋은개발자는 모두 쿠팡에 있다는 말이 있을 정도로 쿠팡의 인재 욕심은 대단했다. 이병철 회장은 인재발탁의 원칙으로 ""의심이 가는 사람은...",개발자
98,0,"미래 도시를 위한 첨단지식, 글로벌 서비스 산업 육성 - 지역총생산(GRDP) 100조 경제를 위한 대전형 산업. 1",강대훈,Jun 13. 2023,https://brunch.co.kr/@@QPk/142,"코딩 밖에 있으면 사람은 내비게이터가 지시하는 데로 운전하는 것처럼 기계의 노예가 된다. 택배의 배달 알고리즘은개발자와 AI가 만들지만, 최종 단계의 배달은 사람이 한다. 기계는 최적의 에너지로 쾌적한 서버실에서 안전하게 일하지만, 인공지능 밑...",개발자
99,0,시작은 무조건 대기업부터... - 지방대생이지만 현대자동차는 다니고싶어,아둥바둥 김대리,Jun 13. 2023,https://brunch.co.kr/@@4Ji7/84,사회 초년생이라 많이 위축된 모습에 안쓰럽고 측은함이 드는 친구였다. 취직이 여러해 동안 되지 못해 전공과 상관없는개발자허드렛일을 돕는 계약직으로 들어온 친구였다. 자존감이 무척이나 낮았던 이친구는 대기업에 서류조차 쓸 엄두도 못냈는데...,개발자
100,0,로드맵 전환 과정에서 모호함 다루기 - <프로덕트 리더십>을 읽고 생각 정리하기,안영회 습작,Jun 13. 2023,https://brunch.co.kr/@@4DBT/988,만들고 공유하는 분위기를 밝게 해 준다. 가장 먼저는 자존심을 중시하면 새로운 것을 배우기 힘들다는 사실을 주니어개발자때 배웠던 일이 떠오릅니다. 그리고 TDD를 익힐 때 반드시 실패(Fail)부터 맛보며 자존심을 버리고 시간을 벌었던 고행의 기간...,개발자
101,0,"[시승기]현대자동차 쏘나타 디 엣지, 디테일이 살아나다 - 명성에 맞는 혁신기술이 녹아든 중형세단 쏘나타 디 엣지를 타보다",젤라푸,Jun 13. 2023,https://brunch.co.kr/@@4dit/752,수평형 램프)’가 후면부의 ‘H 라이트’와 함께 미래적인 감성을 더하고 패밀리룩을 완성한다. 측면부는 낮게 시작하는프런트엔드와 긴 후드가 패스트백을 연상시키는 매끈한 루프라인으로 이어져 스포티한 이미지를 강조한다. 스포티한 감성은 측면의...,프론트엔드
102,0,'레이저 마킹'의 안전 문제를 예방하는 방법 - 안전을 위해 반드시 알아야 하는 5가지 방법.,도미노코리아,Jun 13. 2023,https://brunch.co.kr/@@9Szd/138,이번 글에서는 '레이저 마킹기의 안전 문제'에 대해 알아보았습니다. 도미노코리아는 다음 포스팅에서도 더욱 유용하고 흥미로운코딩&마킹 이야기로 돌아오겠습니다. >> 도미노코리아 제품 문의 #도미노코리아 #레이저 #마킹기 #안전 #CO2 #UV #파이버,코딩
103,0,R과 Chat GPT를 활용한 HR Data 시각화,Mobiinside,Jun 13. 2023,https://brunch.co.kr/@@zIH/5301,"ChatGPT의 등장은 데이터 분석 진입장벽을 크게 낮췄습니다. 이전에는 R를 활용하여 통계분석을 수행하기 위해서는 R코딩과 통계학에 대한 심도 있는 이해가 필요했지만, 지금은 Chat GPT을 통해 통계 지식을 이해하는데 도움을 받을 수도 있으며, 코드를...",코딩
104,0,AI에게 일자리를 빼앗긴 인류는 불행하기만 할까? - 일자리 관점에서 생성 AI 확산이 가져올 사회적 변화는?,무무,Jun 13. 2023,https://brunch.co.kr/@@cG4E/12,"구입합니다. 이처럼 우리의 직업 모두가 ai에게 대체되지 않을 것이라 믿습니다. 어쩌면 먼 미래에 우리는 사람이 직접 짠코딩, 사람이 100% 쓴 대본(소설), 사람 목소리로만 구성된 노래와 영화를 보면서 감동할지도 모릅니다. 우리가 이미 ’크리스토퍼...",코딩
105,0,컴맹이 사용해 본 챗gpt,Hanabee,Jun 13. 2023,https://brunch.co.kr/@@bHOX/4,"하루에 한번도 안 쓴날이 없지만 게임하는 것과 간단한 웹 이용말고는 할 줄 아는 게 없다. 최근 삼성의 직원이 회사 내부코딩을 챗gpt에 올리면서 문제가 되기도 했었고 논문을 대신 작성하거나, AI를 이용해 웹툽을 제작하는 등의 대해 문제점들이 각 곳...",코딩
106,0,"애플페이가 쏘아올린 공 - 혁신일까, 교란일까.",E nudge 이넛지,Jun 13. 2023,https://brunch.co.kr/@@7CD9/99,"글로벌하게 ‘삼성 월렛’이라는 명칭으로 서비스를 제공한다. 디지털화된 개인정보, 결제정보, 자산 등을 하드웨어 및소프트웨어보안 솔루션으로 관리하겠다는 것이다. 출처: 삼성 홈페이지 2021년 애플은 아이폰 및 애플워치의 월렛 앱에 운전면허증...",소프트웨어
107,0,디자인 시스템에서 왜 아토믹 디자인 방법론을 적용하나? - 디자인 시스템에서 왜 아토믹 디자인 방법론을 적용하는가?,DO BLING,Jun 13. 2023,https://brunch.co.kr/@@fpdv/11,"재사용이 가능하고 유지보수가 가능하며 확장성이 있도록 시스템을 만들고 가이드 라인을 정립해야합니다. 결론 팀 단위로소프트웨어를 개발할 때, 아토믹 디자인 패턴을 적용하는 것은 협업을 높일 수 있다고 봅니다. 단점은 팀에서 새로운 방식에 적응...",소프트웨어
108,0,"노사갈등이 해결하기 어려운 이유 (f. 항만노조) - 노사갈등, 노조파업, 항만노조, 해운물류, 해상운임, 자동화터미널, 물류",로지브리지,Jun 13. 2023,https://brunch.co.kr/@@7DUh/460,"아직까지 그렇게 앞서가지는 못한 것 같습니다. 하드웨어는 몇몇 나라에서 먼저 시작했을지 모르지만 여전히 전체적으로소프트웨어까지 같이 스마트하게 발전한 나라들이 그렇게 많은 건 아니거든요. 우리나라도 IT 선진국이며, 통신에 대해서도 다른...",소프트웨어
109,0,오랜만의 대면 행사 - Welcom FY2024,칠봉,Jun 13. 2023,https://brunch.co.kr/@@f2c8/34,"그러다 보니, 스스로 공부하고 훈련을 해야 하는 상황에 처해있습니다. 게다가 AI, Big Data, NFT, Metabus, Open SourceSoftware등등의 변화를 앞서가지는 못하더라도 따라가려면, 추가적으로 공부를 해야 하는 상황이 되었습니다. 이러한 상황에서 저...",소프트웨어
110,0,"나스닥의 1.53% 폭주, 생각해보니 더 좋아질 애플",조던 JD부자연구소소장,Jun 13. 2023,https://brunch.co.kr/@@234D/4657,것은 바로 애플의 iOS 생태계다. 메타의 퀘스트가 실패한 이유는 바로 생태계가 없었기 때문이다. 게다가 VR만 되니소프트웨어가 훨씬 더 부족할 수밖에 없다. 메타의 호라이즌 월드는 MAU 목표치를 50만 명을 예상했지만 이에 훨씬 못 미치며 적자가...,소프트웨어
111,0,혹평 쏟아졌어.. 결국 미국서 외면받은 베트남 전기차,오토브런치,Jun 13. 2023,https://brunch.co.kr/@@cwOA/3244,초기 물량 모두 리콜 실내 구성도 지적받아 주요 외신 보도에 따르면 빈패스트 전기차 VF8은 최근 인포테인먼트 시스템소프트웨어오류로 안전 관련 정보가 디스플레이에 표시되지 않아 리콜에 들어갔다. 작년 12월 미국에 수출된 999대가 리콜 대상으로...,소프트웨어
112,0,블록체인에 대한 평소 생각들 feat. SEC - SEC의 코인베이스와 바이낸스 규제를 보고 정리한 평소 생각들,서희수,Jun 13. 2023,https://brunch.co.kr/@@1oAR/7,"역사적으로 이념이나 정치체계의 전환은 기술 혁신으로 인한 패러다임 전환보다 훨씬 느렸다. 6. 또 누군가는 사용자들이백엔드가 블록체인임을 인지하지 못할 정도로 UX를 편리하고 빠르게 만들면 해결될 거라고 주장하는데, 그럼 애초에 왜 블록체인을...",백엔드
113,0,국제학교 다녀도 영어학원 가요. - [국제학교 초등 저학년 영어공부 환경],Gomi,Jun 12. 2023,https://brunch.co.kr/@@4HcV/6,"레벨테스트후 상담을 해보면 되고, 튜터의 경우 1회 수업을 트라이얼 해본 후 결정하면 된다. 베트남 대형 학원을 잠시 경험해 보았는데, 베트남 부모와 한국 부모가 원하는 아웃풋의 수준이 달라서인지 커리큘럼이 매우 답답하게 느껴졌었다. 원어민이...",코딩테스트
114,0,소규모 기업을 위한 SaaS 마케팅 팀빌딩 하기 - 정답인 팀은 만들기 힘들지만 올바른 팀은 마음만 먹으면 금방입니다!,한나,Jun 12. 2023,https://brunch.co.kr/@@9lOG/79,베타테스트후 버그리포트 등을 통해 어느 정도 안정화 되었을 때 본격적으로 자체 온드미디어 채널 강화를 위한 활동을 시작하게 되죠. 이때부터 경영진 또는 구성원들은 마케팅팀 빌딩에 본격적인 관심을 두게 됩니다. 이 시기에는 주로 2인 마케터로...,코딩테스트
115,0,그동안 만났던 7명의 리더들 - 일곱 명의 리더는 나에게 어떤 영향을 주었는가,kaily,Jun 12. 2023,https://brunch.co.kr/@@3wuQ/37,"여느 때와 같이 고객사는 나에게 A프로젝트의 개발 진행 상황을 물었고, 나는 내부에서 진행되는 개발 상황을 알아보기 위해개발자에게 향했다. 평소 잘 맞지 않는다는 생각이 드는개발자와 함께 업무를 했는데 진행 현황을 물으니 정의해 놓은 정책대로...",개발자
116,0,시아르가오1,덩구,Jun 12. 2023,https://brunch.co.kr/@@3kn6/41,작업을 하는 사람이 한두 명씩 있었다. 나도 노트북이 있었으면 글을 더 썼을까? 아마 그렇진 않을 것이다. 사람들은 대게개발자였고 웹툰을 그리는 사람도 한 명 있었다. 5 꼭대기 라운지에 갔더니 안녕하세요 조심하세요 인사가 들려왔다. 한달살이...,개발자
117,0,"배워서 직접 하는 구글 애즈 광고 - 스물두 번째, 광고와 마케팅에 Google Ads를 사용하는 이유?",무럭무럭,Jun 12. 2023,https://brunch.co.kr/@@6qv7/83,"것이다. 물론 전환, 연동, 리마케팅 등 기능 이용을 위해서는 스크립트를 수정하는 등 태그 작업이 필요하지만 이는개발자또는 웹마스터를 통해 진행할 수 있는 부분이므로 비용을 지출할만한 가치가 있는 부분이라고 보인다. 구글애즈를 이용해 브랜드...",개발자
118,0,제품(Product)란? - IT업계에서 말하는 제품이란,JaysNOTE,Jun 12. 2023,https://brunch.co.kr/@@fnuT/3,"표현이다. 가치(Value)는 사용자가 해당 제품을 사용하며 얻게 되는 모든 것을 가리킨다. 그리고 구현 과정이란 디자이너,개발자등 IT 업계 종사자의 최종 목표한 제품을 사용자에게 선보이는 것이다. 제품을 만드는 단계 제품을 만드는 단계. 제품을...",개발자
119,0,경험 관리 - 고객 경험 관리 (CX),문경덕,Jun 12. 2023,https://brunch.co.kr/@@f4Ts/6,경쟁력이 높아지고 잠재 고객의 유입이 증가하고 이탈자가 줄어들어 마케팅 비용을 효율화할 수 있다. 4. EX EX는 최근개발자확보 전쟁이 벌어지며 디지털 기업에서 특히 주목하는 분야다. EX를 잘 관리하면 임직원의 이직 및 퇴사율이 낮아져 '인재...,개발자
120,1,디자인 전공자가개발자를 선택한 이유 - 주인공이 되고 싶다,개자이너,Jun 12. 2023,https://brunch.co.kr/@@7nPG/4,"하고자 했던 ""유저가 이 서비스를 사용하면 어떨까?"" 라는 호기심이 한 번도 실현되지 못했죠. 지금 생각 해보면, 제가 굳이개발자가 되지 않아도 제 이상을 실현시킬 수 있었던 방법은 많았던 것 같아요. 사이드프로젝트를 통해서개발자와 협업을...",개발자
121,0,비사이드 포텐데이 회고하기 - 디자이너 직무로 참여한 이달의 편의점,문경덕,Jun 12. 2023,https://brunch.co.kr/@@f4Ts/10,"시작해 보겠습니다! 10일간의 여정 0일 차 포텐데이는 10일이라는 핏한 기간 내에 기획자, 디자이너, (프런트엔드, 백엔드)개발자총 4명이서 팀 프로젝트를 진행하는 방식이다. 그렇다면 이 팀은 어떻게 만들어지느냐? 두 가지 방식이 있는데, 하나는...",개발자
122,0,"기획자는, 배우는 것을 두려워 말라",아마란스,Jun 12. 2023,https://brunch.co.kr/@@clO3/29,언젠간 알게 되지 않는다. 지금 알아야 언젠가 알게 되는 것이다. 지금 알아야 언젠가가 오게 된다. 기술을 두려워 말라.개발자욕 좀 그만해라 기술을 알아야 기획하는 것이다. 기술을 모르고 어떻게 기획을 한다는 것인가? 수박 겉만 계속 핥아댈 것...,개발자
123,0,“하지 말아야 할 말” 때문에 생긴 까칠한 명언 - 연쇄긍정마,Vintage appMaker,Jun 12. 2023,https://brunch.co.kr/@@4WjL/219,"더 치명적이다. 가끔 소프트웨어 개발쪽에 대한 궁금증으로 지인들에게 다음과 같은 질문을 받는다. 너님) ”OO야 너 27년차개발자면 왠만하면 다 아는 것 아니야? 나님) “알긴 개뿔, 연차가 될 수록 모르는 것이 많아지는 것이 정상이야. 짠밥먹은 닝겐...",개발자
124,0,5-1. 초기 스타트업 창업자들과 1:1 멘토링,베론 장성환,Jun 12. 2023,https://brunch.co.kr/@@2w5T/44,"등에 관심이 많았다. 투자 이외에도 팁스 등 정부과제에 대한 질문도 많았다. 둘째, 잘 알려지지 않은 스타트업이 우수한 SW개발자또는 인재들을 모집한 사례들이다. 많은 창업자들은 인재 영입이 가장 어렵다고 하는데, 대부분 연봉 외에 그들의 욕구를...",개발자
125,0,문송합니다(?) 문과라서 취업 못한다는 말은 핑계다,강동현 팀장,Jun 12. 2023,https://brunch.co.kr/@@clCz/122,어떤 선택을 해야지만 사회적인 합의점을 모색할 수 있을지를 폭넓게 이해하는 학문이죠. 예를 들어 당신이 IT 기업의개발자로서 고객들이 사용할 SW를 설계하는 책임과 역할을 수행하는 직원이라고 생각해보세요. 당신이 설계하는 소프트웨어의 목표는...,개발자
126,0,[6월 2주차]개발자들이 많이 읽은 10개 아티클,oneoneone,Jun 12. 2023,https://brunch.co.kr/@@d8Sv/50,"동료들은 다 아는 정보, 나만 모르지 않게 만들어주는 일일일에서 한 주간개발자들이 많이 읽은 상위 10개의 아티클들을 소개합니다. ✅ 실시간으로 나와 비슷한 동료들이 많이 읽은 아티클을 보고 싶다면? >> '일일일 - 개발' 오픈채팅방 (참여 코드...",개발자
127,0,"6개월만에 억대 연봉, 나도 할 수 있을까? - 초봉만 8천만원에서 1억원대라는 UX 디자인, 과연 진짜일까",디자이너 정,Jun 12. 2023,https://brunch.co.kr/@@frti/2,"산업도 큰 변화를 겪었다. 하지만 대부분 산업들과는 반대로 엄청난 붐을 겪게되면서 온라인 채용 공고들은 소프트웨어개발자, UX 디자이너, 시스템 엔지니어, 솔루션 설계자, 보안 엔지니어, 프로덕트 매니저 등 테크놀로지 관련 직업 공고로 매일 가득...",개발자
128,0,새로운 기능 기획 시 범위를 어떻게 합의할까? - 우리는 몇 피스 퍼즐을 맞추고 있을까?,우디,Jun 12. 2023,https://brunch.co.kr/@@2hV3/185,놓치는 피스가 많아진다. @gearpatrol 프로덕트 오너가 된 이후로 생긴 두려움 중 하나는 기획이 장황해지는 만큼개발자의 코드 역시 무한히 길어진다는 것이다. 이것은 일종의 위기감 같은 것이다. 코드가 길어질수록 버그나 코너 케이스가 발생할 수...,개발자
129,0,"LINE NFT 마켓플레이스 ‘DOSI’ 역기획하기 - 라인의, 라인을 위한 라인에 의한 플랫폼 ‘DOSI ’",라인기,Jun 12. 2023,https://brunch.co.kr/@@bRGg/65,보관하고 송금할 수 있으며 반드시 DOSI Wallet만을 이용해야 한다. - 블록체인 네트워크 구조(핀시아 네트워크) 만약개발자가 핀시아 네트워크를 이용해 '사용자 간 토큰 전송 기능'을 사용하기 위해서는 심사위원회의 승인이 필요하다. LINE이 핀시아...,개발자
130,0,"코딩 공부, 도대체 어떻게 시작하는 거지?",배지수,Jun 12. 2023,https://brunch.co.kr/@@6yx4/42,"강의, 공부 방법 등에 대해 다룰 예정입니다. '일반용' 내용이 종료되면, 다음은 '취업용'입니다. 취업용은 말만 들으면개발자로 취업하는 방법을 알려줄 것 같지만 그렇진 않습니다. 요즘엔 부트캠프를 듣는 게 기본 베이스처럼 되었기 때문에 부트캠프...",개발자
131,0,1. 쿠버네티스 기초 - 시작하세요,Master Seo,Jun 12. 2023,https://brunch.co.kr/@@uSr/3312,"7> 네임스페이스(Namespace): 리소스를 논리적으로 구분하는 것. 1 서비스 만들 때 보통, 모니터링 네임스페이스,프런트엔드네임스페이스, 밴앤드 네임스페이스 만들어 사용한다. 2 네임스페이스 뭐가 있나 보기 kubectl get namesapce 3 default name...",프론트엔드
132,0,큰 노력을 하지 않으면 큰 자리를 차지할 수 없다 - 김사부,Marco지호,Jun 12. 2023,https://brunch.co.kr/@@6Gde/211,"내가 따야 할 것은 품질관리기술사이다. 이헐게 커리큘럼을 짜면 품질에 대해서는 전문가라는 호칭을 받게 된다. 추가적으로코딩에 대해 공부를 해서, 현재 하는 일에 대해 가미할 예정이다.코딩은 파이썬, R 부터 차근히 배워보자. 기존에 했던 일을...",코딩
133,0,진짜 꼭 써봐! 마케팅에 유용한 크롬 확장AI 프로그램 - 신세계 그 잡채 5가지! 무료니까 일단 써보세요,NooNB,Jun 12. 2023,https://brunch.co.kr/@@ducN/99,"신세계AI!!!시장조사할 때 유용하다 ㅎㅎ 요즘 AI 찾는 재미에 빠져있다..코딩1도 몰라서 일일히 찾아서 분석하는 나에게 chatgpt도 신세계였는데, 크롬 확장 프롬프터는 더 신세계.. 실제로 마케팅, 브랜딩, 기획실무에 많이 사용하고 있고, 특히 시장...",코딩
134,0,리터러시랩: The Keyston School - https://www.keystoneschoolonline.com/,이승우,Jun 12. 2023,https://brunch.co.kr/@@FRz/69,하면서 이 과정을 수행하기가 쉽지 않다는데 있습니다. 그래서 리터러시랩 스튜디오 들에서 이 과정을 이수하면서 수학/코딩/한국어독서프로그램 등을 함께 융합하여 최대의 효율을 내오는 프로그램을 운영하려고 합니다. 온라인스쿨 과정도 완전하게 관리...,코딩
135,0,"그래서 카페랑 선글라스가 뭔 상관인데? : 젠틀몬스터 - 공간으로 승부한다, 젠틀몬스터",이호균,Jun 12. 2023,https://brunch.co.kr/@@f5jG/29,7000원은 가난한 대학생에겐 너무 비싸지 않나요? 분량상 젠틀몬스터 패밀리 브랜드인 '탬버린즈'는 다루지 않았지만 한번 검색하셔서 브랜드 스토리를 찾아보셔도 재밌습니다. 특히 향들의 조합을코딩처럼 숫자로 표기한 것도 너무 재미있는 아이디어...,코딩
136,1,챗GPT의 모든 것 프롬프트 - 프롬프트 이해하기: 챗GPT의 강력한 기능을 활용하기 위한 열쇠,이승필,Jun 12. 2023,https://brunch.co.kr/@@6oE4/68,"한다. 그래서, 컴퓨터 화면에 특별한 기호가 나타나면, 그것은 컴퓨터가 우리의 명령어를 기다리고 있다는 뜻이다. 하지만코딩을 모르는 사람의 입장에서는 컴퓨터와 소통하기 어렵다. 챗GPT 프롬프트 챗GPT 프롬프트 결괏값.코딩을 몰라도 이제는...",코딩
137,0,아이들이 행복 가득한 공간 - in:JOYFULL art center를 준비하며,올리브트리,Jun 12. 2023,https://brunch.co.kr/@@8zkf/4,"것이라는 생각을 했다. 그 시간이 짧은 시간이라 해도 그 시간들이 쌓이면, 내면에 힘이 생길 것이라고 믿는다. 지난 3년간코딩강사로 많은 아이들을 지역별로 만났던 경험이 내면의 힘이 길러지는 것을 확인할 수 있었다. 작년동안 한 지역아동센터에서...",코딩
138,0,인생의 연속성에 관하여 - 박사과정 유학을 마치며 (1),천둥소리,Jun 12. 2023,https://brunch.co.kr/@@3K2E/38,"남들이 달성할 수 없는 일을 기어코 해내는 역량을 지닌 것이다. 이 역량은 마라톤에서 쉬지 않고 뛰게 만들고, 인터넷코딩교육을 끝까지 수강하게 만들며, 몇 년간의 고시생활을 버티고 끝내 합격하게 만든다. 내가 아는 한 꾸준함은 모든 분야에서...",코딩
139,0,그러니까 말이죠.,김수호,Jun 12. 2023,https://brunch.co.kr/@@3uJB/20,"정석' 책을 기억하십니까? 우리 세대는 수학의 정석과 '수능 특강' 외우기 등으로 공부했었습니다. 작금의 어린아이들은코딩하고 명령어를 짭니다. '정석'이라는 게 너무 초라한 세상이 왔습니다. 외워서 되는 것들이 있다면 정말 간단하지만, 앞으로의...",코딩
140,0,[기아 2306 수시] 노사/노무 및 상품기획 가이드,하리하리,Jun 12. 2023,https://brunch.co.kr/@@5CkV/907,"저의 식견을 여러분들에게 Show and prove하고자 합니다. 최근 자동차 산업의 새로운 트렌드인 전동화 / 자율주행 / SDV(Softwaredefined vehicle) 연계한 미래 자동차 산업 전망과, 급변하는 환경에서 기아가 어떻게 대응하는 것이 좋을지 자신의 생각을...",소프트웨어
141,0,일하기 싫은 마음을 변화시키는 방법 - 정말 일하기 싫은 것이 맞나요?,탈잉,Jun 12. 2023,https://brunch.co.kr/@@cnMN/54,"같은 방식으로 나의 일을 바라보게 되면, 부족한 부분이 아니라 개선할 점에 집중할 수 있게 됩니다. 나의 네트워킹 방법,소프트웨어활용 능력, 창조성, 경험 등 구체적인 영역을 매일 성장시킬 수 있는 것이죠. 일을 하기 싫은 이유는 간단합니다. 잘...",소프트웨어
142,0,누구나 알지만 그 누구도 다 알 수는 없는 교실이야기1 - 교실은 이런 곳입니다. (교사편),무릉도원의 빛나는 복숭아,Jun 12. 2023,https://brunch.co.kr/@@fu9M/4,등 하드웨어를 안다고 그 속의 역동적인 모습을 짐작할 수 있는 것은 아니다. 교실은 똑같이 갖춰진 하드웨어 안에 어떤소프트웨어를 탑재한 아이들이 모이느냐에 따라 천태만상.. 말 그대로 천차만별의 모습을 보여준다. 순간순간 변하는 아이들의 모습...,소프트웨어
143,0,#127 큰 국내 VC 그리고 작은 미국 VC - VC의 ‘Lean’한 운용은 국제적 경쟁력을 키우기 위한 중요한 요소,Youngrok Kim 김영록,Jun 12. 2023,https://brunch.co.kr/@@b0WW/126,팀 규모를 더욱 줄여 파트너들이 더 많은 월급을 받게 될지도 모르겠습니다. 그러나 더 이상적이고 현실적인 모습은소프트웨어엔지니어와 같은 전통적인 VC의 역할이 아닌 팀원을 고용하여 운용을 지속적으로 간소화하고 창업자와 LP를 위한 추가적인...,소프트웨어
144,0,재능이 아니라 의지와 미약한 시작이 대단한 것이다 - 엔비디아의 성공사례 분석,Plato Won,Jun 12. 2023,https://brunch.co.kr/@@5uyC/4164,"한다. 이때 CPU칩보다 엔비디아의 GPU기술이 유리하다는 것이다. ""지금은 소프트워어가 세상을 지배하고 있지만, 곧 AI가소프트웨어를 지배할 것이다. 미래에 우리는 인공지능 하나가 아니라 여러 개의 인공지능 을 갖게 될 것이다."" 이러한 젠슨 황의...",소프트웨어
145,0,온보딩 가보자고 - 23주 차 회고,기획하는 족제비,Jun 11. 2023,https://brunch.co.kr/@@cX6v/35,둔테스트시나리오를 진행하며 스스로 회사 제품을 리뷰하는 시간을 가졌다. 1차 리뷰를 끝낸 후 드는 생각은 제품과 내가 함께 성장하려면 내가 이 분야의 학습을 계속해야 한다는 것이다. 남들에게 제품에 사용된 논리와 기술의 효용성을 설명할 정도는...,코딩테스트
146,0,지식재산(IP)을 치트키로 활용하는 방법이 있다? - 스타트업이 지식재산(IP)을 활용하는 방법 ①,손인호 변리사,Jun 11. 2023,https://brunch.co.kr/@@9DwF/296,"반응을 살폈다. 최소 비용의 투자로 미래의 사업 방향을테스트해 보는 방법이다. 에어비앤비의 초기 버전 웹사이트 화면...비용을 썼다면 그만큼 비효율이 생긴다. 수십만 줄의코딩을 했는데, 전체 구조를 바꿔야 할 수도 있다. 돌아가기엔 너무 먼 길...",코딩테스트
147,0,"내 제품을 팔기로 결심한 후 바뀐 마인드셋 - 문학가에서 사업가로, 감성에서 비즈니스로",플래터,Jun 11. 2023,https://brunch.co.kr/@@3lvL/171,"않은 작가가 없듯이, 제품/서비스의 첫 모습이 부끄럽지 않은 PM이나 사업가는 없을 것이다. 이직 후, 전 회사에서 함께 일하던개발자분과 만난 적이 있다. 그분은 신입 기획자나 PM을 대상으로 멘토링을 한다는 나의 이야기에, 어떻게 그런 자신감을...",개발자
148,0,"대행사 퍼포먼스 마케터가 인하우스 PM이 된다면? - [워크스페이스] 세 번째, 폭풍의 직무전환 3개월 차 회고",스나,Jun 11. 2023,https://brunch.co.kr/@@Jpk/58,"나의 영향력을 다시 미지의 세계로 몰아넣는 일이다. 하지만 돌이켜보면 그동안 제품 분석 툴을 새로 도입했고, 디자이너/개발자와 협업해 운영중인 앱 서비스의 플로우를 바꾸어 보았으며, 이전에 없던 새로운 화면을 기획해보기도 했다. 그렇게 신입의...",개발자
149,1,"Chat GPT의 아버지, 샘 앨트먼",Kim Family,Jun 11. 2023,https://brunch.co.kr/@@fiCw/32,"점만 보면, 뭔가 연구적 업적을 엄청나게 축적하다 이를 바탕으로 Chat GPT를 개발했을 것 같은데 실제 커리어의 모습은개발자와 스타트업 육성가의 두 가지 모습을 함께 갖고 있습니다. Y combinator는 Forbes가 2012년에 최고의 스타트업 인큐베이터 및...",개발자
150,0,5 - S 팀장 (3) - 종합예술,하얀 얼굴 학생,Jun 11. 2023,https://brunch.co.kr/@@bVs9/931,"그 : IT동기들이랑 같이 기술 교육 듣고 있습니다. 팀장 : 음, 잘 들어놔요. 우리가 사업하는 기술이 뭔지는 대강 알아야,개발자랑도 말이 통하고 영업이랑도 말이 통할 테니까. 그 : 알겠습니다. ● CDN 팀장 : 우리 IT사업부가 어떤 일을 하는지 알아요...",개발자
151,0,대한민국의 경제 성장을 위한 - 합법 도박산업의 융합,강승원,Jun 11. 2023,https://brunch.co.kr/@@eVkL/23,온라인 게임 산업은 이미 대한민국에서 상당한 규모와 인기를 얻고 있습니다. 한류 문화의 성공과 함께 대한민국의 게임개발자들은 전 세계적으로 인정받는 기술과 콘텐츠를 제공하고 있습니다. 이러한 성과는 대한민국이 온라인 게임 산업의 선도국가...,개발자
152,0,DAUM에서 사라진 댓글 창 - 차·포 떼고 시작한 우물 안 개구리의 태생적 한계를 못 넘어서나?,Francis Lee,Jun 11. 2023,https://brunch.co.kr/@@40q3/450,주업임에도 인터넷 생태계 안에서 근본적인 프레임이 되는 오픈 소스 js 라이브러리인 React를 만들어 FE만이 아니라 BE개발자들에게도 크게 도움이 되는 프로그램으로 자리매김하였다. 과연 한국의 네이버나 카카오가 그럴 생각이나 할까? 그저 외국에서...,개발자
153,0,누알스_14. 커리어리(2) - 누구나 알 수 있는 스토리 : 서비스 분석,광야에서있는쑤,Jun 11. 2023,https://brunch.co.kr/@@2nIn/17,30일 동안 각 분야에서 반응이 좋았던 게시물 소개 채용 공고 매칭 : 프런트엔드/백엔드 채용 공고 제공개발자오픈 프로필 : 구직 중인개발자를 위한 오픈 프로필 정보 제공 및 메시지 기능 제공 부트캠프 비교 : 현재 다양한 플랫폼 혹은 서비스에서...,개발자
154,0,"네, 런던에 혼자 왔습니다. 2일차 - 20230610",이서,Jun 11. 2023,https://brunch.co.kr/@@HxJ/192,"그리고, 맥도널드 키오스크 UI는 세계 공통이었다. 영국 맥도널드 키오스크가 한국과 똑같더라. 그럼 그렇지. 한국의 영리한개발자들이 그렇게 느리게 설계했을리가 없지. 여기도 특정 종교 선교자가 있네. 종말이 다가온단다. 마이크 소리가 크다. 명동...",개발자
155,0,취업(Employment) - 경제적 자유 2,이자까야,Jun 11. 2023,https://brunch.co.kr/@@frgb/24,"nurse; RN) 등 의료(healthcare) 분야가 석권하고 있다(US News & World Report, 2023). 그다음으로 소프트웨어(software)개발자(developer) 등 정보기술(information technology) 분야가 유망한 직군으로 꼽힌다. 물론, 이런 종류의 조사는 중간값...",개발자
156,0,"스타트업과 대기업, 나에게 어울리는 기업은? - 의견이 서로 다른 대기업과 스타트업에서 일하기? 나에게 맞는 회사는?",김민형 CFA,Jun 11. 2023,https://brunch.co.kr/@@bwKa/141,"저는 모네(Mobility Network)를 운영하고 있는 김민형입니다. 저는 그동안 대기업과 스타트 업 등 다양한 기업에서개발자로서, 컨설턴트로써 혹은 사업&서비스 기획자, 운영자로서, 영업/제휴 담당자 등 다양한 업무를 수행해 왔습니다. 이러한 다양한...",개발자
157,0,정성 리서치가 신뢰를 얻기 어려운 이유,바다김,Jun 11. 2023,https://brunch.co.kr/@@18pm/287,"떨어지기 때문에 비판을 받는다. 전 세계적으로 20억 명이 넘게 쓰는 Google Drive는 NPS지수가 50점이다. 참고로 IT/Software평균은 58점. 참고로 펩시는 20점밖에 되지 않으며, 넷플릭스는 고작 13점이다. 심지어, 이 위상을 숭배하는 것에 지쳐버린...",소프트웨어
158,0,"441) 커뮤니티 은행, 움프쿠아 - 롱블랙 6월 8일, 문장채집 no. 441",백영선 플라잉웨일 대표,Jun 11. 2023,https://brunch.co.kr/@@AI7/1444,"게임 대회까지 즐겼어. 움프쿠아는 행사 매니저까지 채용. 6. 90년대엔 스벅을 표방, 2000년대엔 애플을 벤치마킹. 자체소프트웨어개발까지. 2015년엔 피보투스 라는 기술 자회사도 설립. ""고객이 매장에 가기 싫다고 할 때, 가만히 있으면 어쨌든 고객...",소프트웨어
159,0,"제프리 무어, '캐즘 마케팅' - 주류 시장에 진입하려는 스타트업을 위한 전략의 고전",최윤섭,Jun 11. 2023,https://brunch.co.kr/@@lKG/64,"주변 제품이나 환경, 교육, 표준 등을 포괄한다. 예를 들어, 태블릿 PC는 와이파이 네트워크가 함께 구비되어야만, 새로운소프트웨어에는 사용 방법에 대한 교육, 자동 업데이트 기능이 있어야만, EMR은 표준에 맞아야만 그 가치가 높아진다. 초기 시장은...",소프트웨어
160,0,"톨게이트의 종은 누구를 위해 울리나 - 알고리즘영단어:tollgate, gateway, island",김성현,Jun 11. 2023,https://brunch.co.kr/@@9QOW/101,웨이는 gate가 있는 곳까지 들어가는 입구를 의미한다. 네트워크 용어로는 하나의 네트워크간의 통신을 가능하게 하는소프트웨어프로그램을 지칭한다. toll 이라는 말은 여러 가지 뜻이 있다. 다리나 도로를 건널 때 지불하는 요금이라는 뜻도 있고...,소프트웨어
161,0,[디자인 칼럼] 해체주의와 본성. - BMW 5시리즈 G60,유현태,Jun 11. 2023,https://brunch.co.kr/@@db7W/18,앞서 비교하고 있다. 두 차량은 '디지털 친화'라는 공통된 목표를 보인다. 21세기 모빌리티 산업은 UI 디자인을 비롯한소프트웨어혁신이 강조된다. 하지만 성격의 차이는 여전하다. 자동차의 성격이 하드웨어 세팅에만 의존하던 시대부터 메르세데스...,소프트웨어
162,0,ChatGPT가 새로운 음성 비서가 될 수 있을까?,김학용,Jun 10. 2023,https://brunch.co.kr/@@2gvj/303,"제공할 수 있는 것에 비하면 아직 초보 수준에 불과하죠. 잠재적 위험 저는 AI를 적극 지지하지만, 모든 스마트 기기 제품개발자와 제조업체가 고려해야 할 몇 가지 사항이 있습니다. OpenAI의 CEO인 샘 알트먼은 한 인터뷰에서 모든 AI가 악의적인 목적...",개발자
163,0,"애플 비전 프로, 차세대 아이폰이 될 수 있을까? - One more thing",경영로스팅,Jun 10. 2023,https://brunch.co.kr/@@10ca/116,"보입니다. 애초에 판매 목표를 15만 대 수준으로 낮추고 있기 때문입니다. 팀 쿡 애플 최고경영자(CEO)는 6월 5일 세계개발자회의(WWDC)에서 비전 프로를 소개하면서 ""맥(Mac)이 개인 컴퓨팅 시대를 열었고 아이폰이 모바일 컴퓨팅 시대를 열었다면, 비전...",개발자
164,0,"슈퍼루키는 3개월 동안 이렇게 일해요! -개발자, 기획자, 아트 슈퍼루키에게 직접 물어봤어요.",쿡앱스의 고민들,Jun 10. 2023,https://brunch.co.kr/@@dLCo/7,"슈퍼루키 분들이 합류했는데요! 지난 3개월 동안 모두 어떻게 일하고 있을까요? 원화 디자이너 박지수님, 클라이언트개발자유민아님, RPG 게임 기획자 김희지님의 이야기를 들어봤어요. 지수: 안녕하세요! 아트 파트 슈퍼루키 박지수입니다. 저는 원화...",개발자
165,0,저.. 고민이 있는데요. - 더 나은 주니어 되는 법(4),모베러주니어,Jun 10. 2023,https://brunch.co.kr/@@8dFa/14,"판단하고 본인이 나 대신할 수 있을지를 고민할 수 있어. 고민이 있다고 이야기하는 게 절대 무능력한 게 아니라는 거야.개발자를 움직이는 마법의 단어는 ""고민이 있어요""라는 이야기를 배달의민족 콘퍼런스에서도 한 바가 있다. (출처: https://youtu...",개발자
166,0,메타버스 - 애플의 MR헤드셋은 어떤 미래를 그려낼까.,나는 누군가,Jun 10. 2023,https://brunch.co.kr/@@3kT/6695,"때도 고개를 갸우뚱했었는데 이번에는 애플이 MR헤드셋을 내놓았다. 애플의 MR 헤드셋 개발 프로젝트에는 1천 명 이상의개발자가 투입됐으며, 개발에 7년 이상 소요된 것으로 알려졌다. 애플은 하드웨어를 만드는 것이 아니라 하드웨어를 통한 시장을...",개발자
167,0,"마케팅 비용 0원으로 신규 앱 서비스 마케팅하기 (1) - Owned media 인스타그램, 브런치 마케팅",campAble,Jun 10. 2023,https://brunch.co.kr/@@eACS/12,"하나 더 있다. 인스타그램과 달리 캠퍼블 팀원 모두가 콘텐츠 생산자라는 점! 캠퍼블의 브런치에는 마케터 뿐 아니라 PM,개발자까지 모두가 직접 글을 썼다. 본인의 고유한 경험과 고충, 해결과정을 직접 기록하기에, 팔로워를 모아 서비스를 홍보하는 것...",개발자
168,0,디자인시스템에서 '컴포넌트'란?,UXer,Jun 10. 2023,https://brunch.co.kr/@@2nCj/59,https://youtu.be/TSd81O-6lbE 등장인물 소개 � UX 디자이너: 김종귝님 � UI 디자이너: 송지호님 � 풀 스텍개발자: 양둘찬님 컴포넌트 만들기 (1) - 일반 컴포넌트 이제 컴포넌트에 대해 알아볼게요. 스타일과 다르게 컴포넌트의 종류는 아주 많아요...,개발자
169,0,디자인 시스템에서 '스타일'이란?,UXer,Jun 10. 2023,https://brunch.co.kr/@@2nCj/58,"https://youtu.be/EBI1A8jEeTk 등장인물 소개 � UX 디자이너: 김종귝님 � UI 디자이너: 송지호님 � 풀 스텍개발자: 양둘찬님 스타일 종류 이제 스타일 만드는 방법, 사용하는 방법을 설명드릴게요. 스타일의 종류는 유아이 키트(UI KIT) 만든 회사마다...",개발자
170,0,믿음의 차이,쌍성,Jun 10. 2023,https://brunch.co.kr/@@a8Y7/542,"갇힌 디스토피아적 미래를 제시하는 내용이다. 같은 해에 출시된 영화 ""13층""은 1937년도 로스앤젤레스를 재현한 가상게임개발자가 살해되자, 범인으로 지목된 친구가 게임 세상 속으로 들어간다는 내용이다. * <The Divine Matrix>의 저자인 Gregg...",개발자
171,0,왜 지금 애플은 Vision Pro를 발표했는가? - Vision Pro가 가져 올 진정한 혁신과 미래의 가능성은 무엇인가?,최형욱의 Radical Perspective,Jun 10. 2023,https://brunch.co.kr/@@q0K/19,하드웨어와 소프트웨어의 최적화와 통합화를 만들고 RealityKit과 함께 Reality Composer Pro 라는 저작툴을 배포하여개발자들이 Vision Pro를 위한 다양한 앱을 만들게하고 자체 앱스토어를 통해 완전히 새로운 생태계를 만들려고 하고 있다. 메타는...,개발자
172,0,"6. 세기의 전쟁, 등원 전쟁",su,Jun 10. 2023,https://brunch.co.kr/@@eYdf/6,"걸 다 해줄 수는 없다. 그럴 시간도 에너지도 없고, 그런 식으로 아이의 자기주도력을 뺏을 생각도 없다. 조금 귀찮더라도코딩암호를 입력하는 것처럼 자세하게 알려주자. (점점 더 의심되는 '엄마는 로봇설'.) 아이가 이해하기 쉽도록 매일 반복해서...",코딩
173,0,"마흔-542 프로그래밍, 세뇌, 주술 - 한통속",살랑상아님,Jun 10. 2023,https://brunch.co.kr/@@3scK/509,"신이 될 수 있다. 이미 신이기도 하고. 좀비를 조종하는 “킹덤”의 아신 처럼 소프트웨어의 유지보수에서 하드코딩만큼 위험한게 없다. 하드코딩은 순간의 정상동작을 위해 장기적 유지보수성과 사이드이펙트&리플이펙트를 고려하지 못한다. 임시방편, 운...",코딩
174,0,드디어 오늘이다!! -1 - 글로 성장연구소 3번째 오프모임,박현주,Jun 10. 2023,https://brunch.co.kr/@@cw1t/180,"글로 성장연구소에서 개최하는 3번째 오프모임이 있는 날이다. 아침부터 분주했다. 새벽출근하는 신랑 밥 먹여 보내고,코딩자격증 수업을 위해 공부하러 가는 아들을 데려다주러 30분 넘게 달려 고등학교에 내려주고 왔다. 집에 돌아와 혼자 있을 딸아이...",코딩
175,0,말은 결과를 만들어야 한다. - 연쇄긍정마,Vintage appMaker,Jun 10. 2023,https://brunch.co.kr/@@4WjL/217,일으키며 프로그램은 종료된다. 더 쉽게 이야기하자면 “정의되지 않거나 올바르지 못한 정보를 가지고 하라말라를 미리코딩했다면 실행 중 종료”가 되는 것이다. 이를 전문용어로 런타임 에러라고 하는데 “코딩시에는 발견되지 않는다”. 즉 “말은...,코딩
176,0,"당신은 스마트한가요? - -세상의 모든 엄마, 아버지 그리고 우리에게",안율럽,Jun 10. 2023,https://brunch.co.kr/@@bhmi/11,통해 주문하는 상품이 오프라인에 비해 훨씬 저렴하기에 생존 본능에 의해 학습된 결과물인 것이다.코딩을 배운다는 요즈음 아이들을 보면서코딩이 무엇인가 스쳐 생각은 해 보았지만 막상 내가코딩을 배울 엄두는 나지 않는다는 것도 부끄러운 고백...,코딩
177,0,인턴경험이 현대차 취업에 도움이 될까 - 지방대생이지만 현대자동차는 다니고싶어,아둥바둥 김대리,Jun 10. 2023,https://brunch.co.kr/@@4Ji7/90,"대한민국이 탄생했을테지만, 철없는 시절의 투정은 학과 공부를 더 소홀히 하게 만드는 불쏘시개같은 것이었다. 거기에 더해코딩도 배워야하는지 C++이라는 프로그래밍 수업도 들었어야 했으니, 안그래도 등떠밀려 선택한 전공에도 신물이 나는데 더욱이...",코딩
178,0,"애플 비전 프로, 비밀스러운 세계의 문을 열다 - Apple Vision Pro",경제를 말하다,Jun 10. 2023,https://brunch.co.kr/@@331O/92,"기업과 협업을 발표했습니다. 이에 따라 유니티 주식은 상승세를 보였으며, 이는 미국의 게임 개발 플랫폼을 제공하는소프트웨어기업으로 알려진 유니티의 성공을 시사합니다. 종가를 확인해 보니. 17% 이상이 올랐네요. 만약 애플 비전 프로가 기업 안...",소프트웨어
179,0,궁금증에 클릭한 메일에...,오종민,Jun 10. 2023,https://brunch.co.kr/@@ghh/951,"랜섬웨어로부터 내 PC를 보호하기 위해 이메일 보안 강화하는 방법에 대해 알아보자. 첫 번째, PC 운영체제 및 사용하는소프트웨어의 보안업데이트를 최신으로 유지하고, 사용 중인 프로그램도 보안업데이트를 확인하여 최신으로 유지해야 한다. 두 번째...",소프트웨어
180,0,실무에서 사용하는 UX 디자인 방법론 - 애자일 UX - 사용자 중심 디자인 방법론 - 애자일 UX,DO BLING,Jun 10. 2023,https://brunch.co.kr/@@fpdv/9,개발 방법론은 변화에 빠르고 유연하게 대응하기 위해 주기적인 반복과 긴밀한 협업으로 제품을 점진적으로 구현해나가는소프트웨어개발 방법을 말합니다. 여기에 제품의 방향을 정의하고 품질에 집중하는 UX가 더해져 보다 진화한 방법이 애자일 UX...,소프트웨어
181,0,출시 8일 만 사전계약 '1만 대 달성' 흥행 대성공,KB차차차 장기렌터카,Jun 10. 2023,https://brunch.co.kr/@@cPfQ/169,"충전 도어가 있다. 인포테인먼트에는 12.3인치 내비게이션(기아 커넥트, 폰 프로젝션, 기아 카페이/e 하이패스), 무선소프트웨어업데이트, 8스피커, 스티어링 휠 오디오 리모컨, 블루투스 핸즈프리, USB 단자(데이터/충전 전환형), 후석 취침모드&대화...",소프트웨어
182,0,안다는 것 때문에,법칙전달자,Jun 10. 2023,https://brunch.co.kr/@@c4We/379,"창조주만이 이를 볼 수 있고 다른 어떤 신들도 볼 수 없습니다 컴퓨터를 열면 그 하드웨어, 물질적인 장치는 볼 수 있어도소프트웨어는 볼 수 없는 것과 같죠. 다른 신은 인간의 뇌의 내부를 훤하게 들여다볼 수는 있어도 그 형상의 작용은 일 수...",소프트웨어
183,0,"네, 런던에 혼자 왔습니다. 1일차 - 20230609",이서,Jun 10. 2023,https://brunch.co.kr/@@HxJ/190,껐다. 타르. 현대 오케스트라에서 ‘지휘자’의 역할은 무엇인가. 인간 메트로놈에 불과한가? PM들은 봤으면 좋겠다.소프트웨어엔지니어링에서 PM이 가져야 하는 기본적인 태도와 자세가 지휘자의 그것과 꽤 흡사하다고 생각하기 때문이다. 언제든 누구...,소프트웨어
184,0,기술격차 해소를 위한 재교육: 리스킬링 - 직원의 경쟁력이 곧 기업의 경쟁력,사람인 HR연구소,Jun 09. 2023,https://brunch.co.kr/@@fqmc/10,"중이며코딩, 머신러닝, 데이터과학 등에 대한 700 개 이상의 코스를 제공한다. 지멘스AG의 CHRO이자 최고지속가능성책임자(Chief People and Sustainability Officer)를 맡고 있는 유디트 비제(Judith Wiese)는 2022년 다보스 포럼에서 자사가 도입한...",코딩테스트
185,0,위클리 스모어 34 - 2023년 6월 2째 주,도다마인드 팀 블로그,Jun 09. 2023,https://brunch.co.kr/@@cqoe/147,"다시 한 번 느꼈다. 플랫폼과 상관없이 브라우저만 있다면 작동하고, 설치할 필요도 없이 바로 열리니까. 웹 개발을 사랑하는개발자로서 정말 기쁘다. Apple Webkit 및 Google Chromium, 그리고 Mozilla Firefox 팀에게 나의 경의를 표한다. 종화 Biz...",개발자
186,0,29. 업무 담당자의 프로젝트 만들기 - IT 프로젝트 발주 과정,OurStellar,Jun 09. 2023,https://brunch.co.kr/@@eYtK/38,"프로젝트 기획개발자나 SI업체도 프로젝트를 수행하는 것이 쉽지 않지만, 프로젝트를 발주하는 회사 담당자도 프로젝트를 기획하는 것이 쉬운 일이 아니다. 특히 예산이 많이 들어가는 사업일수록 프로젝트를 기획하는 과정은 더 어렵고 많은 시간이 소요...",개발자
187,0,2. 그래픽 앱이란 집을 짓기 위해 포크레인 준비하기 - 그래픽 라이브러리의 의미와 한계,MT,Jun 09. 2023,https://brunch.co.kr/@@fqB6/2,"그런데, 그래픽 라이브러리 라는게 대체 뭘까요? 정확히 어떤 역할을 하는 걸까요? 간단히 말하자면, 그래픽 라이브러리는개발자가 복잡한 그래픽 작업을 수행하는 데 사용할 수 있는 미리 작성된 코드의 집합이에요. 이러한 라이브러리는 모양 그리기...",개발자
188,0,정리필요한 목록들,리플러스,Jun 09. 2023,https://brunch.co.kr/@@4aca/366,task mode) https://developer.android.com/work/dpc/dedicated-devices/lock-task-mode Lock task mode에 대한 안드로이드개발자문서 https://replus1541.gumroad.com/l/vkvos https://app.gumroad.com/dashboard Gumroad - 온라인기반 디지털 컨텐츠...,개발자
189,0,아직 나만의 보석을 발견하지 못한 것뿐이다.,박동기,Jun 09. 2023,https://brunch.co.kr/@@61XQ/372,떠오르지 않아서 나조차 그것을 모를 때가 있습니다. 꾸준히 하다 보면 어느 순간 그 보석이 조금씩 빛나기 시작합니다.개발자도 마찬가지입니다. 이것이 내가 잘하는 길이라면 포기하지 말고 꾸준히 가다 보면 어느 순간 보석이 발견이 될 것입니다...,개발자
190,0,맞아 나 못해. - 실력 부족을 인정하는 용기와 껄렁함,PES,Jun 09. 2023,https://brunch.co.kr/@@97jl/24,어쩌나 반짝여 보이는지. 디자인과 동기들과 선후배들이 여럿 팔로우되어 있고 대부분의 팔로워들이 디자이너 아니면개발자인 계정이지만 나는 '그림을 그리는 사람'이라는 나의 정체성을 차마 지우지 못하고 있는 것이다. 현실과 타협한 어른이 되고...,개발자
191,0,20대에 여행을 꼭 혼자 가야하는 이유 - 여행 후 내가 겪고있는 혼돈,보끔씨,Jun 09. 2023,https://brunch.co.kr/@@eHel/1,"있었다. 어머니는 전략적으로 컴퓨터 공학과에 진학하자고 했다. 어렸을 때 쓴 일기에는 나는 기획자가 되고 싶은데 자꾸개발자가 되는 쪽으로 어머니가 진로를 맞추신다고 적혀있었다. 나름의 속상함이 있었지만, 잘 따라갔나 보다. 그렇게 컴퓨터...",개발자
192,0,나는 N잡을 찬미한다,꿈애취애,Jun 09. 2023,https://brunch.co.kr/@@d4ce/72,"없지만, N잡의 기반이 되는 디지털 노마드 (장소에 구애받지 않고 자유롭고 일하는 사람들, 예를 들어 프리랜서, 작가, 1인개발자등)에 관한 글을 읽은 적은 있다. 전 세계에 있는 여성 디지털 노마드들이 쓰는 언어 중에, 한국어 점유율은 6위라고 한다...",개발자
193,0,11.거친 파도 속으로 - 스타트업 생활(5),밥반찬 다이어리,Jun 09. 2023,https://brunch.co.kr/@@dXlS/64,"그렇게개발자가 사라지고 난 뒤 빈자리는 채워지지 않았고, 결국 동생인 대표는 궁여지책으로 과거 직장에서 같이 일했던 유능한개발자라는 사람과 외주 계약을 맺어 업무를 꾸려나가는 걸로 결정을 하였다.개발자가 정해지자 팀장은 PM이라고 일컫는...",개발자
194,0,"빅블러 시대, 기업은 ‘슈퍼앱’의 꿈을 꾸는가 - [스플X베스핀글로벌]",SPARKPLUS 스파크플러스,Jun 09. 2023,https://brunch.co.kr/@@5KoQ/585,"서비스의 업데이트와 유지 보수가 용이합니다. 이를 통해 이용자들은 항상 최신 버전의 앱과 서비스를 이용할 수 있게 되며,개발자들도 더욱 빠르게 기능을 개선하고 새로운 서비스를 제공할 수 있죠. 출처 : Beacon Venture Capital 슈퍼앱은 사용자가...",개발자
195,0,결국 부자가 될 수 밖에 없는 3가지 시스템 - 부의 추월 차선 참조,책치남,Jun 09. 2023,https://brunch.co.kr/@@bUfC/235,스토어 등도 유통시스템의 또 다른 형태라고 할 수 있습니다. 잘 개발된 앱이나 게임 하나가 평생을 먹여 살릴 수도 있어서개발자들의 경쟁이 심한 곳입니다. 저자는 제품 개발의 중요도를 50%라고 했는데 제 생각에는 10%도 안됩니다. 사실 전 세계적...,개발자
196,0,때늦은 2023 1분기 회고,데임,Jun 09. 2023,https://brunch.co.kr/@@69cK/6,"우리 요금제를 점검하고, 초기 정책을 설정하면서 점점 구체적으로 개발에 필요한 디테일을 챙겨나갔다. 이 과정에서는개발자들과 주기적으로 소통하며 이슈들이 있는지 계속해서 점검했다. - 결제 프로세스 구성 신규 결제 시(베이직 → 프로)에는 기존...",개발자
197,0,공간 컴퓨팅(Spatial Computing)이란?,김학용,Jun 09. 2023,https://brunch.co.kr/@@2gvj/302,"기능이 제한적입니다. 소프트웨어 개발: 공간 컴퓨팅 애플리케이션을 개발하는 것은 어려운 일이며, 이 분야의 숙련된개발자가 부족합니다. 사용자 경험: 공간 컴퓨팅은 일부 사용자에게 혼란을 줄 수 있으며 직관적인 사용자 인터페이스를 만들기가...",개발자
198,0,AI프로필과 기대하게 되는 것,박상은,Jun 09. 2023,https://brunch.co.kr/@@aKTh/12,개선할 것”이라고 말했다.’ 사용자가 고르는 50장 미만의 이미지로 각자의 개성을 알아채는 일이 가능할까. 딥러닝개발자들은 그것이 가능하다고 고개를 끄덕인다. 이 같은 서비스를 홍보하는 이들은 하나같이 AI 프로필이 다채롭고 개성있는 자신을...,개발자
199,0,Software defined Vehicle / PBV - PBV #8 / Ghost in the shell,Utopian,Jun 09. 2023,https://brunch.co.kr/@@1SRt/33,제대로 된 소프트 웨어로 정의되는 운송기기의 생태계를 구축할 수 있게 됩니다. 그래서 완전히 별개의 공장에서 별개의개발자들과 엔지니어 그리고 디자이너들이 개발한 차량이 준비되고 이를 사용자에게 전달하는 서비스개발자들이 고객에게 공감시켜...,개발자
200,0,마지막 공개수업 - 교단일기 12,푸른구름,Jun 09. 2023,https://brunch.co.kr/@@cZvD/48,계신다는 부담감에 아이들에게도 약간의 긴장감을 주기도 한다. 오늘 내가 준비한 수업은 미래에 살아갈 아이들이 배워야 할코딩의 기초단계인 햄스터 로봇을 조종해 보고 협력하는 내용을 준비하였는데 스마트 패드를 활용하여 작은 햄스터 로봇을...,코딩
201,0,"02. 미래 사회를 준비해야 한다. - 그런데, 미래 사회가 예측이 안 된다.",온솔,Jun 09. 2023,https://brunch.co.kr/@@8f2E/43,"함을 이야기할 수 있는 것. 이것이 나와 같은 사람이 '지식'이 아니라, '지혜'로 미래 사회에 기여할 수 있는 방법이 아닐까? 말은 이렇게 하지만, 지금도 난 고민하고 있다. 취준생으로써, 취업을 위해서,코딩, R, 파이썬 등을 배워야 하는 것이 아닐까...",코딩
202,0,'모두를 위한 AI'와 '뤼튼 프롬프톤',뤼튼테크놀로지스,Jun 09. 2023,https://brunch.co.kr/@@fmAd/29,조금 다른 느낌입니다. 기존 엔지니어가 원하는 결과물이나 서비스를 만들기 위해서는 컴퓨터 언어를 공부하고 직접코딩해야만 했습니다. 하지만 프롬프트 엔지니어는 체계적으로 질문을 잘하는 것만으로도 사용자가 원하는 결과물을 얻을 수 있도록 제품...,코딩
203,0,무례하지 않게 영어로 도움 청하는 방법 3가지 - 영어 이야기 #30,크리스,Jun 09. 2023,https://brunch.co.kr/@@bD3K/213,"카페 바리스타, 파티시에, 호텔 하우스키핑, 타일, 단열재, 청소, 모바일 수리, 세일즈, 디지털 마케터, 홈페이지 디자이너,코딩과외, 영어 과외, 영어 통번역, 크로스핏 코치, 스포츠 영양 코치 등의 고객을 상대하는 다양한 서비스업 경험을 통해서 전...",코딩
204,0,제조공장을 디지털 가상공간에 옮겨 생존하라! - 제조업의 DT도입 추세,LS ELECTRIC,Jun 09. 2023,https://brunch.co.kr/@@aSed/126,"많다. 데이터 레이크, 데이터 마트, 데이터 패브릭, 디지털 트윈 등등 생전 처음 보는 단어들이 상당이 자주 등장한다.소프트웨어사업을 중심으로 하는 IT기업들이나 소규모 스타트업의 경우 빠르게 새로운 4차 산업 기술을 적용하는 게 가능하지만...",소프트웨어
205,0,"세상을 쿠팡하라, 쿠팡! - 쿠팡은 어떻게 최고의 기업이 되었나?",책인사,Jun 09. 2023,https://brunch.co.kr/@@7SUi/604,"여지가 없습니다. 로켓배송 초창기에 회사에서, 캠프에서 자주 들리던 구호를 마지막으로 글을 마무리합니다. ""세상을 쿠팡하라, 쿠팡!"" (사진출처 : 쉽게 배우는소프트웨어공학 / 매일경제 2020.10.23 '안물안궁' 통계 해석은 장님 코끼리 만지기 중...",소프트웨어
206,0,"누군가에겐 성장이지만, 다른 이에겐 부담입니다 - 성장의 압박에 감당할 수 없는 부담을 느끼고 계신가요?",탈잉,Jun 09. 2023,https://brunch.co.kr/@@cnMN/53,"많다는 데 있어요. 체력도 단련해야 하고, 직무영역의 스킬도 개선해야 하고, 업계 트렌드도 알아야 하며, 최근 힙하다는소프트웨어도 쓸 줄 알아야 하죠. 이때는 단기적으로라도 자신이 집중할 성장의 영역을 정의하고 작고 빠르게 실행할 수 있는 방법...",소프트웨어
207,0,판교 자가에 스타트업 경영하는 김 대표 7화 - 7화 - 헌다이카드 더 블랙팬서 에디션 빠이브,쿨캄준 CCJ,Jun 09. 2023,https://brunch.co.kr/@@epBN/46,서울 소재 명문대 컴퓨터공학 전공을 한 게 아니라고 생각한다. 말이 좋아 회사의 성장을 다각도로 고민하는 것이지 결국소프트웨어의 틀을 짜고 거기에 코드를 집어넣는 등의 전문 기술을 사용하는 업무가 더 고귀하지 않나 생각한다. 거기에 반팔티에...,소프트웨어
208,0,"'계기판 먹통?'…기아 레이, 셀토스, 스포티지 리콜",오토이슈,Jun 09. 2023,https://brunch.co.kr/@@eV04/279,"4,412대에서 제작결함이 발견되어 자발적으로 리콜을 실시한다고 밝혔습니다. 기아 레이 등 6개 차종 4만8,025대는 계기판소프트웨어설정 오류로 화면이 표시되지 않아 안전에 지장을 줄 가능성이 확인되어 13일부터 시정조치에 들어갑니다. 폭스바겐 ID...",소프트웨어
209,0,"""하이브리드 추가"" 팰리세이드 풀체인지 출시 예고",오토버프,Jun 09. 2023,https://brunch.co.kr/@@a950/841,"가솔린 터보 엔진 탑재 가능성도 제기된다. 현행 주력 파워트레인인 2.2리터 디젤 모델은 단종될 전망이다. 또한 차량소프트웨어도 대대적으로 업그레이드된다. 현대자동차 최신 ccNC 기반 무선(OTA)소프트웨어업데이트, 비디오 스트리밍과 함께 레벨 3...",소프트웨어
210,0,스톡홀름엔 판테온 닮은 건물이 있다,설나동,Jun 09. 2023,https://brunch.co.kr/@@fr3M/30,지난해부터 2025년까지 대대적인 리모델링 작업에 착수한 상태다. 물리적인 공간 업데이트는 물론 도서관 운영전략과소프트웨어에 대한 고민도 진행되고 있다. 리모델링 전체적인 방향은 이렇다. 도서관을 단지 책을 전시하는 곳에서 문학에 생명을...,소프트웨어
211,0,일 잘하는 원격근무 팀의 똑똑한 슬랙 활용법 - 리모트워크 운영 Tip,Flexwork,Jun 09. 2023,https://brunch.co.kr/@@dwSN/30,이메일보다는 슬랙과 같은 협업툴을 더 우선하여 활용하는 것이 편리합니다. 슬랙에서는 다양한 업무소프트웨어와를 연동할 수 있고 구성원들 간의 소통까지 가능하기 때문이죠. 깃랩의 리모트 워크 핸드북에서는 슬랙을 모든 팀 구성원을 위한 내부 전용...,소프트웨어
212,0,애플 비전 프로 - 20230609,mujinsoil,Jun 09. 2023,https://brunch.co.kr/@@6PiY/26,VR을 살짝 들거나 밑의 약간의 구멍으로 내려다보는 식으로 외부 시야를 확인한다 (VR 자체에 AR 기능이 들어가 있으나소프트웨어적인 부분도 불편하고 화질도 매우 나빠 사실 거의 사용하지 않는다) 사실상 가상공간과 현실이 분리되는 것이다. 하지만...,소프트웨어
213,0,"디지털혁신 - 비즈니스와 기술, 그리고 사람의 융합 - DX 트렌드 큐레이션",이노핏파트너스 innoFIT Partners,Jun 08. 2023,https://brunch.co.kr/@@9xP4/246,"이를테스트해왔다고 합니다. 먼저 팀즈(Teams)의 화이트보드 기능에 코파일럿이 탑재돼 미팅과 브레인스토밍을 더욱 창의적이고 효과적으로 진행할 수 있게 되며, 파워포인트에는 오픈AI의 달리가 통합, 사용자는 코파일럿에게 커스텀 이미지 생성을 요청...",코딩테스트
214,0,레디 플레이어 원(2018) 후기 - Ready Player One,민주,Jun 08. 2023,https://brunch.co.kr/@@foUI/4,납득할 만한 이유가 있어야 했었는데 이것에 대한 묘사가 부족했던 것 같다. 더군다나 애초에 주인공이 자주 온다고 언급한개발자인생 영상을 볼 수 있는 곳에서 영상에 힌트가 있는 것을 한 명도 모르고 열쇠를 얻으려고 부서까지 구성하는 기업이 힌트...,개발자
215,0,메타버스는 인터페이스 디자인이다. - 애플이 바라보는 메타버스는?,그림한장이야기,Jun 08. 2023,https://brunch.co.kr/@@97Ur/299,"있습니다. 그 자리가 2023년 애플의 WWDC행사였습니다. (Apple WWDC: Apple WorldWide Developers Conference 애플 세계개발자회의) 애플이 바라보는 메타버스는? 메타버스는 인터페이스 디자인이다. 스티브잡스의 키노트에서 유행했던 ""One more thing...",개발자
216,0,"애플 새 역사 쓸까...3499달러 ‘비전 프로’ - 애플이 선택한 단어는 ‘비전’, ‘공간’... VR·AR 판 뒤엎는다",굳찌,Jun 08. 2023,https://brunch.co.kr/@@6vJy/114,"하지만, 한 가지가 더 있습니다(But we do have one more thing)! - 팀 쿡 애플 CEO 지난 6월 5일(현지시각) 애플의 연례개발자컨퍼런스 ‘WWDC 2023’ 현장. 기조연설을 진행하던 팀 쿡 애플 CEO의 목소리가 떨리기 시작했다. 1999년 애플 창업주...",개발자
217,0,"""공격적인 외관"" PHEV 탑재로 강화된 BMW M5 - 준대형 세단 2025 BMW M5 스파이 샷 포착",위드카 뉴스,Jun 08. 2023,https://brunch.co.kr/@@fiVN/135,BMW M5의 공격적인 외관으로 인해 소비자들에게 큰 논란이 될 가능성이 높은 상황이다. BMW M5 스파이 샷 (출처-motor1)프론트엔드는 커다란 중앙 지지대와 함께 날카로운 인테이크가 돋보이기 때문에 의심할 여지없이 가장 큰 논쟁의 포인트가 될 것...,프론트엔드
218,0,[퇴사 D-17~13] 퇴사가 머지않았던 1주일의 기록 - (구) 마케터 (현) IT 대기업 기획자의 대퇴사 여정기 - 5,이미,Jun 08. 2023,https://brunch.co.kr/@@6Sl1/13,"12:55분 정도가 되어서야 타팀의 일정이 연기되었다는 것을 알게 되었는데.. 확인하지 않고 우리가 바로 배포해 버렸다면프론트엔드에서 예상치 못한 이슈가 발생할 뻔 했다. 그래도 다행히 걱정했던 이슈는 발생하지 않았고, 배포가 끝난 후 정기 미팅도...",프론트엔드
219,0,"아이가 어느정도 컷다, 뭐하면서 돈벌까, 엄마의 돈벌기",엄마의경력을잇다,Jun 08. 2023,https://brunch.co.kr/@@5m8X/113,"국비지원 으로 학원을 다닐수가 있기 때문에 배우고 싶었던 직종을 충분히 ! 큰 돈 들이지 않고 배울 수 있습니다 대표적으로코딩, 디자인 등을 많이들 배우는데(유용하게 쓰일대가 많아서) 앞으로 유먕한 자격증이나 교욱등도 뭐가 있는지 살펴보면서...",코딩
220,0,제품 1500개 리뷰 - 30분 만에 쓰기 - 비개발자의 좌충우돌 업무 자동화 행진,누리,Jun 08. 2023,https://brunch.co.kr/@@mev/142,3인까지 사용 가능합니다. 기립박수 짝짝짝!!! 매우 디테일하게 상품의 특징을 잘 도출해서 리뷰를 써줬습니다. 이제 약간의코딩으로 1500개의 링크를 일괄로 tesseract에 읽혀서 텍스트를 추출하고 > 이를 스프레드시트로 chatGPT에게 학습시킨 후 리뷰...,코딩
221,0,2-2. Jupyter Notebook 실행하기 - 아나콘다 프로그램에서 실행하기,데이터 스테이션,Jun 08. 2023,https://brunch.co.kr/@@aDb6/14,"Notebook이라는 프로그램은 Python의 인터프리터 특징을 잘 반영하여 코드 전체를 컴파일 하지 않는다. 따라서 위와 같이코딩의 결과를 코드 입력 창 아래 Output으로부터 바로 확인할 수 있다. 지금까지 입력한 코드를 저장하려면, 상단에 Save 버튼을...",코딩
222,0,유튜버를 우리 회사 영업사원으로 활용하기 - 영업도 디지털 전환이 필요해,원스타,Jun 08. 2023,https://brunch.co.kr/@@bHPq/38,"Transformation, 디지털 전환)의 흐름을 타고 수작업에서 디지털로(또는 오프라인에서 온라인으로) 많이 넘어왔습니다.코딩은 GPT가 하고, 광고는 머신 러닝이 하고, 주문은 키오스크가 받고 있지만, 고객 앞까지 상품을 들고 찾아가야 하는 영업은 아직...",코딩
223,0,단 하루의 휴식 - 콜로라도에서 살아남기 - [160] May 29th 2023,설규을,Jun 08. 2023,https://brunch.co.kr/@@560M/315,호텔 조식에서 가져온 바나나 머핀을 아침으로 먹고 점심으로는 어제 먹다 남은 반쪽 샌드위치를 먹었다. 워크샵 관련해서코딩을 하다가 하루가 다 갔다. 그리고 결정적으로 집에 계속 있던 이유는 빨래를 계속 돌려야하기 때문이다. 흰옷과 색깔 옷...,코딩
224,0,왕복 15시간 여정 - 미국에서 살아남기 - [159] May 28th 2023,설규을,Jun 08. 2023,https://brunch.co.kr/@@560M/314,"맛있다고 하는데 괜히 배 아플까봐 스킵하고 감튀와 버거를 먹었는데 생각보다 괜찮았다. 맛있게 즐기고 나는 뒷자리에서코딩을 했다. RSS 워크샵 페이퍼를 준비중이었다. 글도 쓰고코딩도 하고, 책도 읽으면서 어떻게든 시간을 보내려고 했다. 그러다가...",코딩
225,0,주객이 전도된 삶 - 루틴에 대한 믿음,행복 한바구니,Jun 08. 2023,https://brunch.co.kr/@@f0LF/32,"설교 문장은 잘 받아 적었는데 말씀의 진정한 내용을 내 가슴으로 받아내지 못한 것이다. 하드웨어는 갖추었는데소프트웨어가 비어진 느낌. 책을 읽을 때 줄을 열심히 긋고 중요한 문장이라고 열심히 표기했는데, 막상 다 읽고 나니 정작 저자가 전하고자...",소프트웨어
226,0,"반짝반짝, 헤어질 준비",부탄,Jun 08. 2023,https://brunch.co.kr/@@Iyv/46,"빼 꼼 튀어나온 걸 발견했다. 이런, 나를 닮은 줄로만 알았던 발 마저 아빠를 닮은 모양이다. 아빠의 하드웨어에 엄마의소프트웨어를 물려받은 아이. 부모가 원하든 원치 않든, 부러 노력하지 않아도 자연스레 아이에게 남겨지는 것들이 분명 있는 것...",소프트웨어
227,0,생성AI도 문제를 해결하는소프트웨어확장으로 생각하라,delight,Jun 08. 2023,https://brunch.co.kr/@@ZVA/583,"애매한 일부 문장은 삭제했습니다. 이번 글은AI 기업 코 히어 웹사이트에 있는 글을 정리한 것입니다. 10여 년 전, ""소프트웨어가 세상을 먹어 치우고 있다""라는 문구는소프트웨어가 기술 분야를 넘어 많은 산업에서 중심이 되고 있음을 보여줬다. 주요...",소프트웨어
228,0,"웬즈데'잇(IT)' - IT 세일즈편 / 채널톡 양효진 - IT기업 세일즈매니저, 커리어 관리 어떻게 하고 계신가요?",SpaceSallim,Jun 08. 2023,https://brunch.co.kr/@@9R6R/105,접근해가는 것이 더욱 중요하죠. 최근에는 패션 시장과 스타트업 위주로 전개를 하고 있어요. 채널톡은 B2B SaaS(서비스형소프트웨어)에서 새로운 길을 개척하고 있는 대표 레퍼런스 중 하나라고 생각해요. 회사에서 세일즈팀에게 요구하는 건 '시장을 더...,소프트웨어
229,0,UX라이팅이란 무엇일까? - #UXWriting #UX라이팅이란,글쓰는개미핥기,Jun 08. 2023,https://brunch.co.kr/@@5whL/681,"쉽게 이해하고 사용할 수 있는 인터페이스를 구축합니다. • 대상 ✔️ UX라이팅은 웹 사이트, 모바일 애플리케이션,소프트웨어등 디지털 제품 전반에 사용됩니다. 이를 통해 사용자가 제품을 쉽게 이해하고 사용할 수 있도록 도와줍니다. UX라이팅은 다양...",소프트웨어
230,0,"WWDC 23, 비전 프로를 보고 행복회로 돌려보기",데어릿,Jun 08. 2023,https://brunch.co.kr/@@bYR3/73,세계 개발자 회의(WWDC)가 개최되었습니다. 새로운 맥프로의 등장으로 애플의 전 기기가 애플 실리콘을 탑재하게 되었고소프트웨어측면에서도 IOS17을 비롯한 다양한 OS들이 공개되었죠. 크고 작은 변화들이 있었지만 올해 WWDC를 기대했던 가장 큰 이유...,소프트웨어
231,0,"제10화 : Who are ""THEY""? -4- - ( Nathan Myhrvold 는 누구인가? 1.)",IP Bible,Jun 08. 2023,https://brunch.co.kr/@@ePEp/12,"그는 미국으로 돌아와서 1986년 DSR(Dynamical Systems Research Inc. )이라는 IT 벤처(소프트웨어회사)를 창업했고, 1986년 마이크로소프트(MS)에 이 회사를 매각(USD $1.5M)한 뒤 MS에서 13년동안 CTO (Chief Technology Officer : 기술총괄임원)를...",소프트웨어
232,0,"""이게 소형 SUV?"" 볼보 EX30의 압도적인 성능 - 볼보자동차 소형 전기 SUV EX30 공개",위드카 뉴스,Jun 08. 2023,https://brunch.co.kr/@@fiVN/133,"기준 TMAP 모빌리티와 개발한 인포테인먼트 시스템이 탑재되어 있다. 볼보자동차 EX30 이를 통해 디지털 키, 전용 앱,소프트웨어무선 업데이트, 무선 애플 카플레이, 차분한(Calm) 보기 모드 등 최신 기술을 지원하며, 장거리 운전 시 눈의 피로를 줄일...",소프트웨어
233,0,AI와 IoT가 만나 초 스마트 시대를 열다! AIoT,IGM세계경영연구원,Jun 08. 2023,https://brunch.co.kr/@@cT5r/123,"AI의 초지능이 결합된 AIoT가 가져올 미래 변화, 상상만 해도 가슴이 두근거리지 않는가? AIoT 고도화를 위해 하드웨어,소프트웨어, 보안 수준 등 발전해 나갈 길이 아직 많이 남아 있지만, AIoT는 미래 산업에서 없어서는 안 될 필수 기술임은 분명해...",소프트웨어
234,0,"[시승]타보기 전에는 몰랐던 변화, 쏘나타 디 엣지",VIEW H,Jun 08. 2023,https://brunch.co.kr/@@cQl5/292,"트렁크 등의 각종 편의 사양 편의 사양도 훨씬 고급스럽고 화려해졌습니다. 차의 각종 기능을 최신 상태로 유지하는 무선소프트웨어업데이트(OTA), 스마트폰 어플리케이션을 통해 차를 제어할 수 있는 디지털 키 2, 녹화 및 녹음 성능을 향상한 빌트인...",소프트웨어
235,0,대중문화의 형성과 변화 [대중문화의 이해_2부] - 대중문화 형성의 사회적 배경,이주호,Jun 08. 2023,https://brunch.co.kr/@@cZuC/152,"같은 새로운 직업을 창출하기도 했다. 이어 팟캐스트(Podcast)라는 새로운 미디어가 출현하기도 했다. 종래의 대중문화소프트웨어는 패키지 형식의 유통, 공중파를 이용한 네트워크 형식의 유통, 공간형식의 유통,으로 이루어졌으며 이에 따라 산업의...",소프트웨어
236,0,0. 양파 당근 작가 소개 - 작가 소개합니다!,yangpa,Jun 07. 2023,https://brunch.co.kr/@@5mD/845,"사용해서 혼자서도 읽고 싶은 지문을 만들고 단어테스트를 만드는 프롬프트를 쓸 수 있는 어른이 되었고요. 그래서 오랜만에...전공하고 업으로 삼는 법률도, 양파가 다루는코딩도 그런 언어적 특성을 갖고 있다고 생각해요. 2012년 잠시 런던에 있을 때...",코딩테스트
237,0,그럼에도 불구하고 자바스크립트-2 - 이상한 나라의 자바스크립트,개미,Jun 07. 2023,https://brunch.co.kr/@@sry/260,생활코딩채널의 이 Shorts의 사례입니다. https://youtu.be/4X7WqELD-Ls 자바스크립트는 특히 타입(데이터형태)이나 특정 Bool을 판정할 때 리턴값이 이상한 경우가 많습니다. &&(AND) 연산자를 이렇게 작성하는 경우에는 false일 경우에는 false가 출력...,코딩테스트
238,0,챗GPT 관련 금융 논문 모음 - financial papers on ChatGPT,홍창수,Jun 07. 2023,https://brunch.co.kr/@@5jl5/78,"강조합니다.코딩지원, 이론적 도출, 연구 아이디어 지원, 전문 편집 등 다양한 분야에서 활용 사례를 보여줍니다. ChatGPT-3.5, ChatGPT-4, Microsoft Bing의 비교를 통해 고유한 기능과 적용 가능성을 확인할 수 있습니다. 함정과 윤리적 우려에 대해...",코딩테스트
239,0,디펜던시를 이해하기 - 디펜던시를 이해해야 일정을 관리하고 계획을 가시화할 수 있다,ASH,Jun 07. 2023,https://brunch.co.kr/@@2cqn/223,"때, 후행 업무는 선행 업무에 디펜던시가 있다고 말할 수 있다. 2. 간단한 예를 들면, 특정 기능을 개발하는 과정에서프론트엔드파트에서 특정 작업을 하기 위해서는 백엔드 쪽에서 API가 나와줘야 한다. 이 경우에는프론트엔드업무는 백엔드 업무에...",프론트엔드
240,0,미니 버터링 쿠키 & 잼쿠키 - 내가 꿈꾸고 바라는 게 뭘까,유리심장,Jun 07. 2023,https://brunch.co.kr/@@a63g/8,"모르겠는 남친과 그래도 일년은 채워보는 것. 아, 케이크를 만들어 보는 것. 낙서를 남길 수 있는 개인 홈페이지를 직접코딩해서 짜보는 것. 천천히 흘러 스미는 짙은 잿빛 겨울 바람처럼 나의 시간이 그렇게 흐르길 바라고 있다. 또 뭐? 라고 누가 굳이...",코딩
241,0,퇴근이 뭔가요? - 전업주부는 오후 5시부터 본격적으로 바빠집니다.,레마누,Jun 07. 2023,https://brunch.co.kr/@@eFNB/63,"하고 있는 건 아닌지. 소주 한 병을 마시면 사람이 선녀가 됩니다. 세상은 아름다워지고 사람은 꽃보다 아릅답습니다. 아들이코딩수업을 받는 곳은 젊은 사람들이 많이 사는 아파트촌입니다, 반찬가게가 참 많은데 그중에서 제일 핫하다는 곳에서 갈비찜...",코딩
